ticker,date,price,volume,beta,rho,buy_signal,bb_dist
1102.TW,2026-09-30,35.79999923706055,6222,0.25158958708804013,0.34115394028220297,False,0.8271693291583802
1103.TW,2026-09-30,13.199999809265137,573,0.29307988904358023,0.3894667610353071,False,0.18100733429234417
1104.TW,2026-09-30,26.700000762939453,318,0.14147812712253655,0.16450853548052616,False,0.16348747358423665
1108.TW,2026-09-30,11.149999618530273,142,0.37166698867159836,0.6144457356435424,False,0.17693816426725562
1109.TW,2026-09-30,13.350000381469727,341,0.1286167614637947,0.4467045957902151,False,0.019802720890737646
1110.TW,2026-09-30,14.649999618530273,229,0.3092496340860465,0.2690514074426189,True,-0.2229383076111695
1201.TW,2026-09-30,11.649999618530273,691,-0.1564949084790013,-0.1387584757357152,False,0.00655948024424724
1210.TW,2026-09-30,52.0,1144,0.2933272179361833,0.5150259260861831,False,0.36110954707363874
1215.TW,2026-09-30,105.0,440,0.3344636826756386,0.29067387096378944,False,-0.3033325544419512
1216.TW,2026-09-30,74.19999694824219,6950,0.0931307190528925,0.12063723283817414,True,-0.054563678297299134
1218.TW,2026-09-30,14.600000381469727,489,0.39582306896371733,0.5346674495804778,False,0.2971725654124242
1220.TW,2026-09-30,10.850000381469727,35,-0.06128071917378511,-0.0819764514518797,False,0.15144159231053322
1225.TW,2026-09-30,24.549999237060547,38,0.03701604903187991,0.035996133883468104,False,0.15858635698079127
1227.TW,2026-09-30,28.100000381469727,506,-0.0612956997698004,-0.11863341829055443,False,0.0015998502958609606
1229.TW,2026-09-30,39.900001525878906,1903,0.17890991849284482,0.2123830775980004,False,0.08908088348776033
1231.TW,2026-09-30,79.5999984741211,232,0.16706483678151646,0.3033653200469861,False,0.13947176858586374
1232.TW,2026-09-30,153.5,70,0.22784408105082932,0.4527425632768562,False,-0.2914581713733071
1233.TW,2026-09-30,28.100000381469727,17,0.16740699590011404,0.24252685887344255,False,0.23275758568026106
1234.TW,2026-09-30,33.0,74,0.028716502884128078,0.08265893857963233,True,-0.008448307545371847
1236.TW,2026-09-30,25.450000762939453,34,0.13324975923359084,0.29675775472653354,False,0.10330089068142811
1256.TW,2026-09-30,168.0,60,0.05422462189766528,0.0643286112727551,False,0.277090837531631
1304.TW,2026-09-30,12.649999618530273,3262,0.15333203433625936,0.09301801682952858,False,0.4714228161669318
1305.TW,2026-09-30,12.350000381469727,1618,0.2944479994904827,0.2003633367905742,False,0.4533992799218396
1307.TW,2026-09-30,31.5,826,0.27813548528968957,0.4364371136655647,False,1.223348952427859
1308.TW,2026-09-30,14.449999809265137,1211,0.17804442504130522,0.10587319028979282,False,0.4569055436953473
1309.TW,2026-09-30,13.949999809265137,1399,0.3419124312271036,0.20156552223809374,False,0.37275732723579047
1312.TW,2026-09-30,15.0,15568,0.3467488615388269,0.15844253067958333,False,0.7890786841151556
1313.TW,2026-09-30,12.300000190734863,2313,0.29316828235531894,0.2291820339737234,False,0.48773691669111585
1315.TW,2026-09-30,68.80000305175781,33,0.31587327072854376,0.5794361449023478,False,3.2365950540607997
1319.TW,2026-09-30,77.9000015258789,1448,0.3552544913593354,0.3200925003291872,False,0.014167771978378596
1321.TW,2026-09-30,32.400001525878906,76,0.23919821604435895,0.46381454194378946,False,0.17857075799758348
1323.TW,2026-09-30,21.450000762939453,59,-0.1221590151233633,-0.18947095367882702,False,0.2612092232919778
1325.TW,2026-09-30,25.899999618530273,217,0.4029130477827713,0.37641718364047244,False,0.49278826742895276
1338.TW,2026-09-30,15.600000381469727,392,0.31675708941652914,0.2111570872395925,False,1.4363777265898943
1339.TW,2026-09-30,42.349998474121094,56,0.26611732504084523,0.37154794879940967,True,-0.12963336370192025
1341.TW,2026-09-30,59.900001525878906,2,0.3473773880064305,0.35819751003779604,False,1.1375478805151857
1342.TW,2026-09-30,100.0,135,0.2714943979362248,0.33332464339517864,False,0.22358969264477935
1402.TW,2026-09-30,28.25,7101,0.4744952358170656,0.37183451081290186,False,0.5501423840008925
1414.TW,2026-09-30,17.649999618530273,162,0.19980872798952967,0.1456513814582805,False,0.5856698678914256
1416.TW,2026-09-30,11.449999809265137,61,0.20940995405239865,0.28267219742436084,False,0.18329798345571113
1418.TW,2026-09-30,18.350000381469727,45,0.28943161334273093,0.21251291810537098,False,0.9871110489856179
1423.TW,2026-09-30,36.0,19,0.22284351491589507,0.16516483902322865,False,1.2977526336686438
1432.TW,2026-09-30,15.0,77,0.15288005318361444,0.5503113430979283,False,0.05150390098777713
1434.TW,2026-09-30,18.149999618530273,1719,0.4551317956606653,0.5002184293980368,False,0.4780380617583049
1437.TW,2026-09-30,31.850000381469727,297,0.22499414039495175,0.29387879090594976,False,0.16052269901316407
1440.TW,2026-09-30,13.649999618530273,3285,-0.1575394879682644,-0.0962114285122341,False,0.537701384355552
1443.TW,2026-09-30,23.450000762939453,16,0.18161740174584415,0.17706520216288935,False,0.3375017378259031
1445.TW,2026-09-30,10.100000381469727,57,0.49082134384076703,0.4914829046268551,False,0.057373976196011256
1446.TW,2026-09-30,13.399999618530273,227,0.35559439511050556,0.49084767688529335,False,0.12111974279368276
1449.TW,2026-09-30,12.5,285,0.35181441720087436,0.3425228359972088,False,0.3611194600138301
1451.TW,2026-09-30,17.0,84,0.228878416432171,0.4906962861729352,False,0.02356678968858006
1452.TW,2026-09-30,10.800000190734863,49,0.04526188536927524,0.0714999737590853,False,0.053115254137635404
1453.TW,2026-09-30,10.899999618530273,25,0.31370776833149744,0.4267046834002883,False,0.05819856583245553
1454.TW,2026-09-30,12.199999809265137,20,0.3008198175412893,0.2190889478746896,False,0.04569816120890202
1456.TW,2026-09-30,14.649999618530273,71,-0.016345037035947356,-0.007316431360805928,False,0.8053438391690602
1457.TW,2026-09-30,14.399999618530273,53,0.05865082256399915,0.10077710437029103,False,0.07213216940866829
1459.TW,2026-09-30,16.700000762939453,354,0.12955791144217865,0.09695051554820291,False,1.4381525934739976
1463.TW,2026-09-30,17.5,33,0.06571015362252486,0.06607799929048709,False,0.31927065821719225
1465.TW,2026-09-30,11.649999618530273,33,0.37396401812797603,0.3699071996763343,False,0.09912869456608142
1466.TW,2026-09-30,14.850000381469727,180,0.4993134573178206,0.50055429683733,False,0.17148930569221754
1472.TW,2026-09-30,88.80000305175781,82,0.12107873818394255,0.16807023212488362,False,1.3915080859956959
1473.TW,2026-09-30,19.25,121,0.06928593961904939,0.15091316385354878,False,-0.18716923835793153
1474.TW,2026-09-30,10.050000190734863,81,0.13693735392992662,0.19232767790391478,False,0.1733015020041755
1475.TW,2026-09-30,26.0,7,0.12491450670737367,0.16029352789500426,False,0.0505401105701786
1477.TW,2026-09-30,192.0,1246,0.23845035806256168,0.28046458810757396,False,1.081158579517421
1504.TW,2026-09-30,69.0999984741211,4852,0.4702182468009203,0.4042375231786875,False,0.6158109950031445
1517.TW,2026-09-30,10.5,200,0.2871394822115649,0.2391394944631578,False,0.2377707042497903
1521.TW,2026-09-30,25.600000381469727,29,0.06314558998653323,0.0424204999674241,False,0.806113112818494
1524.TW,2026-09-30,26.100000381469727,231,0.35017621216261435,0.5339583574586194,False,0.32642228896767733
1525.TW,2026-09-30,63.70000076293945,7,0.2514985826872872,0.5072379580679659,False,-0.2566312919247409
1527.TW,2026-09-30,32.70000076293945,76,0.0905773209146784,0.3124644993476885,False,0.35577993310482725
1530.TW,2026-09-30,26.799999237060547,17,0.3802026888087281,0.3690593669014547,False,0.19704154575209998
1531.TW,2026-09-30,11.649999618530273,56,0.2361614713178475,0.2625350209921366,False,0.06170106359747862
1532.TW,2026-09-30,22.299999237060547,309,0.36135873854173123,0.5307501880506288,False,0.027673852916020536
1533.TW,2026-09-30,30.299999237060547,127,-0.03427529522878368,-0.044792425872583586,False,0.10068304368689951
1535.TW,2026-09-30,45.79999923706055,47,0.47903105594317097,0.6793100051899487,False,0.9935288247171172
1536.TW,2026-09-30,46.900001525878906,460,0.23743808215242682,0.2510679590116883,False,0.903932321159651
1537.TW,2026-09-30,115.0,132,0.18200790087606886,0.26366093111829736,False,0.7286683016357642
1539.TW,2026-09-30,15.449999809265137,18,0.18731151389391915,0.3091080128910685,False,-0.031908537083197075
1540.TW,2026-09-30,19.299999237060547,175,0.12636827167706163,0.18917097279944148,False,0.04687453792535834
1558.TW,2026-09-30,112.5,72,-0.34303180944545675,-0.35417271916091153,False,7.256685344490307
1587.TW,2026-09-30,24.450000762939453,184,0.045960377122099834,0.05159076516648963,False,1.0096449842229447
1603.TW,2026-09-30,30.600000381469727,255,0.23723926601284734,0.348115336028985,False,0.6278129251959399
1604.TW,2026-09-30,23.450000762939453,132,0.15846105830103166,0.4801033903842205,False,0.10040536865358973
1608.TW,2026-09-30,36.25,2420,0.30086983297322173,0.2666632434959448,False,0.7683040626882445
1609.TW,2026-09-30,38.75,4921,0.024983316009704153,0.03049611968087045,False,1.5961934329609164
1611.TW,2026-09-30,11.550000190734863,756,0.08775468925215678,0.07295810559849175,False,0.24992109133069107
1612.TW,2026-09-30,35.70000076293945,1257,0.013467398639272928,0.022463766883882345,False,1.107131807565004
1614.TW,2026-09-30,31.149999618530273,102,0.22682053943863711,0.45457056878702246,False,0.4701535097801788
1615.TW,2026-09-30,42.95000076293945,97,0.012680616196142459,0.028173705199200403,False,0.20256605093534574
1616.TW,2026-09-30,18.649999618530273,193,0.33598920877944827,0.3116099227972694,False,0.39799391284619645
1618.TW,2026-09-30,38.95000076293945,276,0.2184321030733542,0.32722298157533886,False,0.38843483876516416
1702.TW,2026-09-30,33.04999923706055,173,0.3009787093022289,0.5894186254600485,False,0.7091466973394631
1708.TW,2026-09-30,53.79999923706055,7787,0.46456026745642054,0.26715426976370144,False,5.0969269394608006
1710.TW,2026-09-30,16.75,4000,-0.10034260770605238,-0.051269907281191435,False,0.9836457548130433
1712.TW,2026-09-30,39.79999923706055,315,0.031628614824240356,0.04086116171414457,False,0.16217938249317854
1713.TW,2026-09-30,42.45000076293945,341,0.2528541599633762,0.303873852843177,False,1.1384790226588777
1720.TW,2026-09-30,56.29999923706055,92,-0.023158399088326335,-0.06169418456976838,False,0.3677518772142534
1722.TW,2026-09-30,41.54999923706055,1760,0.34492806799263953,0.5259434320083243,False,0.17207770724570537
1723.TW,2026-09-30,80.69999694824219,382,-0.22467635042769862,-0.26923846537445023,False,1.04977364933994
1726.TW,2026-09-30,76.5,13,0.12566977262686654,0.36656474412366663,False,0.07258606413812174
1730.TW,2026-09-30,51.20000076293945,33,0.062182742410751946,0.23647527056270967,False,0.03467644075480081
1731.TW,2026-09-30,20.899999618530273,202,0.16139050825133144,0.44029215450846626,False,0.08183904860079494
1732.TW,2026-09-30,26.149999618530273,180,0.2209332751254347,0.4257043760760427,False,0.25685187227285766
1733.TW,2026-09-30,29.600000381469727,106,0.32017634225448505,0.31529262183171197,True,-0.07898039694160985
1734.TW,2026-09-30,32.099998474121094,106,0.30745245137431115,0.2896350681497012,False,1.4260433770260228
1736.TW,2026-09-30,128.5,270,-0.2257386492059028,-0.13059153053067285,False,4.922942573304695
1737.TW,2026-09-30,30.049999237060547,148,-0.08642599677416603,-0.07412182134575876,False,0.0915927439620674
1752.TW,2026-09-30,31.5,28,0.13280031181635304,0.2762078841664308,False,0.279161161446293
1760.TW,2026-09-30,54.599998474121094,104,0.39390344798625754,0.46544669462082866,False,1.3371512623901154
1762.TW,2026-09-30,34.349998474121094,51,0.10901953778617418,0.11028586976619825,False,1.0337164407695951
1776.TW,2026-09-30,18.149999618530273,27,-0.031151576651468536,-0.033211823774560494,False,1.0203830308866877
1783.TW,2026-09-30,37.25,72,0.436178201280765,0.5370539124575068,False,1.2787059750245788
1795.TW,2026-09-30,179.0,733,0.2003415285439296,0.19314757965029755,False,3.8959808605699777
1805.TW,2026-09-30,10.050000190734863,129,0.1256566799945457,0.23599835850746934,False,0.009144145460599162
1808.TW,2026-09-30,31.649999618530273,686,0.29519309268104327,0.13969548857645084,True,-0.09999476130398222
1810.TW,2026-09-30,24.450000762939453,2599,0.39879712031438347,0.35437120667014643,False,0.9092774312782446
1817.TW,2026-09-30,39.849998474121094,30,0.1591953150291741,0.3702644115840134,False,-0.10194165881996753
1903.TW,2026-09-30,47.79999923706055,78,0.1258801102196857,0.15427294214021853,False,0.9232763777113249
1904.TW,2026-09-30,24.600000381469727,1193,0.027293381872004394,0.016934630643622356,False,0.23387435706181137
1905.TW,2026-09-30,13.050000190734863,2106,-0.040379563924251814,-0.03334185180668532,False,0.07562591948766517
1906.TW,2026-09-30,10.899999618530273,67,0.2165931421096785,0.3467489132045001,False,0.15735047215888542
1907.TW,2026-09-30,28.399999618530273,732,-0.2546774808016072,-0.24887650845836523,False,0.025214854828156774
2002.TW,2026-09-30,19.200000762939453,90399,0.1993891543307127,0.3040754899571204,False,0.5688888078299605
2006.TW,2026-09-30,85.4000015258789,2293,0.19440721458025825,0.10957491647090337,False,4.848728809783381
2010.TW,2026-09-30,23.0,2628,0.07494393914474684,0.07365152913198933,False,1.2452214272182331
2013.TW,2026-09-30,41.599998474121094,66,0.17411841414096974,0.40283474655326457,False,0.39494634903387293
2014.TW,2026-09-30,17.399999618530273,6278,0.4593332504695961,0.4492501270477838,False,0.9590759675356892
2015.TW,2026-09-30,64.19999694824219,270,0.27415738061205697,0.3497824719438018,False,0.3165322324290969
2023.TW,2026-09-30,13.75,1275,-0.0798991576076415,-0.08793959945281726,False,0.1671221353684338
2024.TW,2026-09-30,12.899999618530273,12,0.43944372769152473,0.5926998439973428,False,0.07851737250368274
2028.TW,2026-09-30,17.149999618530273,453,0.30146506438498727,0.24611281162862092,False,1.736091691935222
2029.TW,2026-09-30,22.450000762939453,948,0.1500895517677065,0.13658454975937298,False,1.660108207501743
2031.TW,2026-09-30,46.5,1041,0.17775700009550383,0.16640945533682375,False,2.7019853776620053
2038.TW,2026-09-30,13.199999809265137,747,0.2131675688297142,0.1368103831245291,False,1.2812483387634153
2062.TW,2026-09-30,18.049999237060547,51,0.31067274097533126,0.4259260300681316,False,0.07480063526408642
2072.TW,2026-09-30,131.5,124,0.0911110843250915,0.06491455764241498,False,5.527620797049778
2101.TW,2026-09-30,29.899999618530273,1676,0.2257737618421704,0.28736885114219884,False,0.11788769414643596
2105.TW,2026-09-30,30.649999618530273,5026,0.3047723160305406,0.4753434205689708,False,0.7208331887263206
2106.TW,2026-09-30,16.649999618530273,529,0.2977535755371066,0.2965658276668583,False,0.2432049847090063
2107.TW,2026-09-30,27.0,271,0.2005804251438119,0.2930513662421893,False,0.3680727865354392
2108.TW,2026-09-30,28.75,340,0.28269638412871095,0.1860923592575019,False,0.6760636054256857
2109.TW,2026-09-30,14.399999618530273,166,0.13186687103737876,0.26481100967964605,False,0.1879525429717841
2114.TW,2026-09-30,89.9000015258789,16,0.20367028575881074,0.5065152030642188,False,1.064441726867983
2115.TW,2026-09-30,23.899999618530273,88,0.1812095155841742,0.2995560623542368,False,0.22834948663938803
2201.TW,2026-09-30,29.25,2065,0.21787816275738706,0.12433898556274448,False,0.10894801915051744
2204.TW,2026-09-30,52.29999923706055,446,0.3047183145548075,0.5113522381378387,False,0.27783432426077326
2206.TW,2026-09-30,62.099998474121094,739,0.1804928546659439,0.33880666429756423,False,-0.677191754915917
2207.TW,2026-09-30,509.0,332,0.3353384687371735,0.25120855639784906,True,-3.9044594583212984
2208.TW,2026-09-30,19.149999618530273,1999,0.19975796340254132,0.2153959103280904,False,0.39378660998907833
2211.TW,2026-09-30,79.69999694824219,534,0.337239864027315,0.40985703686964875,False,0.2056476516181931
2227.TW,2026-09-30,45.0,36,0.47018530935097363,0.5878064669697608,False,0.09231454458822697
2228.TW,2026-09-30,74.80000305175781,57,-0.06515864665600281,-0.05039548521839251,False,0.8284981648354659
2231.TW,2026-09-30,94.69999694824219,239,0.4108377398279953,0.3482069230883048,False,5.592870980232647
2239.TW,2026-09-30,18.950000762939453,53,0.36696480490627187,0.3655132259208618,False,0.10680595203388776
2247.TW,2026-09-30,224.5,73,0.3565736191895561,0.4818243267983885,True,-2.601205667394254
2248.TW,2026-09-30,61.29999923706055,21,-0.01973474283572112,-0.02117665204127144,False,1.5705887577729314
2314.TW,2026-09-30,11.199999809265137,85,0.23990935154704315,0.08327993799205918,False,0.5288912030081221
2323.TW,2026-09-30,11.0,14025,0.2757306399404289,0.25077101083164777,False,0.4395735083292056
2331.TW,2026-09-30,19.200000762939453,1095,0.48857864769427434,0.35980686978330473,False,0.5668913447714594
2347.TW,2026-09-30,94.9000015258789,3251,0.27417024111906607,0.20859182501130658,False,8.222615574184573
2348.TW,2026-09-30,70.5999984741211,206,0.3277287046322008,0.23267571715333482,False,0.4821995006477664
2349.TW,2026-09-30,10.699999809265137,5427,0.48158112191322255,0.40619675237696545,False,0.5224340087675525
2352.TW,2026-09-30,29.649999618530273,5724,0.37371277688918403,0.31278896985961996,False,1.135162190623781
2354.TW,2026-09-30,65.69999694824219,8514,0.45464588061141764,0.32521923118181395,False,1.1952546831754916
2373.TW,2026-09-30,52.900001525878906,26,0.3325792955059731,0.72188683308686,False,0.2546990445067081
2374.TW,2026-09-30,67.19999694824219,1450,0.15443222387855388,0.14362096337151647,False,1.1553577491808227
2385.TW,2026-09-30,104.5,2243,0.1622269609329862,0.10911626086903715,False,0.933304935904971
2387.TW,2026-09-30,36.45000076293945,178,0.29150927861565445,0.3892389129788046,False,0.3029343332150347
2390.TW,2026-09-30,10.300000190734863,295,0.016134829091860002,0.01575710448176497,False,0.3122851808470912
2393.TW,2026-09-30,64.5,1625,0.009145527444702024,0.0072097622357753495,False,2.4505030821771996
2397.TW,2026-09-30,63.0,105,0.34878442620097105,0.2851292727796411,False,3.499178774009607
2405.TW,2026-09-30,15.25,1248,0.32806055968146847,0.3312692268475094,False,0.5139630849890757
2412.TW,2026-09-30,143.5,10604,-0.19197853784010857,-0.36243668639079624,False,5.7291751700586815
2414.TW,2026-09-30,53.29999923706055,84,0.10272374147778941,0.14323579913871198,False,1.1466525000681358
2420.TW,2026-09-30,55.0,290,0.3419893980354338,0.4194648418637803,False,1.614023694426983
2427.TW,2026-09-30,23.350000381469727,675,-0.32207982500314847,-0.17805848544422964,False,1.3530512357598212
2430.TW,2026-09-30,18.25,64,0.09915205756779627,0.1979372421199358,False,0.43367875332090833
2433.TW,2026-09-30,40.45000076293945,32,0.21984007252989224,0.4068847618096471,False,0.330359772478829
2439.TW,2026-09-30,77.30000305175781,1994,-0.014088904564624543,-0.012735774240976227,False,0.9333522347324248
2450.TW,2026-09-30,28.200000762939453,68,0.05266550805547319,0.2390814662618859,False,0.010504388443145274
2453.TW,2026-09-30,53.599998474121094,156,-0.04398951987206936,-0.028567989519766367,False,1.8745586825695497
2459.TW,2026-09-30,65.0,89,0.0961474038608677,0.3358095532829816,True,-0.05850389571159553
2461.TW,2026-09-30,17.850000381469727,749,0.317995712371689,0.2553980952172995,False,0.4769997468069569
2471.TW,2026-09-30,51.79999923706055,154,0.010852556093995954,0.012166023695240129,False,2.2247458217473906
2477.TW,2026-09-30,23.149999618530273,138,0.2427116540076932,0.24990343910334015,False,1.7150158529702324
2480.TW,2026-09-30,160.0,94,0.05264761079553215,0.05758586489927976,False,4.679715771222362
2482.TW,2026-09-30,16.450000762939453,131,-0.16256018719876453,-0.12923616048835632,False,0.7671232141974169
2488.TW,2026-09-30,48.849998474121094,71,0.030980758395111,0.08120077878632022,False,0.6096309707173475
2496.TW,2026-09-30,55.0,14,0.0953239947599725,0.21880633555094914,False,0.3669124017594285
2497.TW,2026-09-30,44.349998474121094,240,0.21859263826592737,0.22022390872942252,False,1.3208691858799284
2498.TW,2026-09-30,42.900001525878906,13192,0.059465710474335534,0.04178757891065669,False,3.3880520684324082
2501.TW,2026-09-30,21.100000381469727,3114,0.3010190547757461,0.3430417655904821,False,-0.06150921909956608
2504.TW,2026-09-30,30.649999618530273,1251,0.3640815863769683,0.42197649564648926,False,-0.04361953467243751
2505.TW,2026-09-30,17.0,396,0.06436139760031732,0.07016084064934705,False,0.06472294687011626
2514.TW,2026-09-30,11.699999809265137,67,0.44947022784157126,0.4860584629415719,False,0.20610388542763047
2515.TW,2026-09-30,11.899999618530273,3353,0.19263204684655402,0.1909671094702036,False,0.06449627575657857
2520.TW,2026-09-30,36.5,1748,0.1032932100069929,0.0820808671976519,False,0.32322044857360765
2530.TW,2026-09-30,20.049999237060547,541,0.3640099575662,0.16720393860206995,False,0.8936105447426463
2534.TW,2026-09-30,16.950000762939453,283,-0.059576179397117776,-0.07659151079964346,False,0.19126221282770217
2535.TW,2026-09-30,89.19999694824219,136,0.10859102731430555,0.1632151211407142,False,0.3884936489473887
2537.TW,2026-09-30,11.25,395,0.2776739616425944,0.2544119424004158,False,0.06698779440846891
2540.TW,2026-09-30,48.45000076293945,291,0.31824099720505233,0.17754724283092474,False,1.2406217111608484
2543.TW,2026-09-30,38.5,832,0.33442178540804357,0.2377801411182776,False,0.6759396412596743
2546.TW,2026-09-30,105.0,108,-0.3651676590876926,-0.23459935860974965,False,1.9342538037999901
2548.TW,2026-09-30,91.5999984741211,1625,0.3626348095398203,0.2915790107304103,False,-0.5256514537325359
2597.TW,2026-09-30,168.0,162,0.4060701769792423,0.37741820218209954,False,0.7291229161020283
2603.TW,2026-09-30,239.5,4723,0.19837398868672249,0.14377103772156716,False,7.322702604586198
2605.TW,2026-09-30,35.54999923706055,10026,0.3259838226459728,0.18410691948906846,False,0.30471551777100103
2606.TW,2026-09-30,73.5999984741211,2060,0.45409651524302863,0.2731417529708302,False,-1.0460829103747216
2607.TW,2026-09-30,53.79999923706055,303,0.22504976390157996,0.3558798030935005,False,0.7519523143556057
2608.TW,2026-09-30,28.600000381469727,104,0.11392444563421529,0.25430052001423564,False,0.14228731955718033
2609.TW,2026-09-30,59.400001525878906,15308,-0.14222010126199866,-0.09520528902307626,False,1.8811188612545138
2610.TW,2026-09-30,20.450000762939453,16931,0.0917224792813867,0.10099372554950452,False,0.35492043108427396
2611.TW,2026-09-30,14.5,498,0.2122397582091073,0.19673720732033856,False,0.5893268942964376
2612.TW,2026-09-30,61.79999923706055,288,0.32125049523292243,0.23048373724839707,False,0.3493430630090444
2613.TW,2026-09-30,22.399999618530273,206,0.3510306561186537,0.37334847035813173,False,0.3996441314107386
2614.TW,2026-09-30,19.200000762939453,1793,0.012383308600648069,0.011942351676489703,False,1.4409208617761315
2615.TW,2026-09-30,114.0,5229,0.3666566480071784,0.15483591805044092,False,2.775574112739207
2616.TW,2026-09-30,13.300000190734863,62,0.016113707965519954,0.05059816199306961,False,0.06880551389126488
2617.TW,2026-09-30,31.450000762939453,565,0.45980782914612633,0.2766488354597407,False,-0.2140000133196125
2618.TW,2026-09-30,42.849998474121094,27471,0.20044125592421586,0.1575073489603101,False,1.273420971987079
2630.TW,2026-09-30,47.04999923706055,817,0.48391309422399204,0.38393926487721336,False,0.893467474382895
2633.TW,2026-09-30,25.649999618530273,3368,0.01692015236347028,0.038364706442138456,False,0.03532418836738316
2636.TW,2026-09-30,71.69999694824219,323,0.2904801184422002,0.26318019458779274,False,2.5698852657203304
2637.TW,2026-09-30,96.4000015258789,1542,0.44643756505803966,0.20451437305723408,False,-0.31868650376971175
2642.TW,2026-09-30,20.399999618530273,36,0.10953109445422808,0.2279581204343042,False,0.1971715703939978
2646.TW,2026-09-30,20.149999618530273,2862,0.07639382013108639,0.10896691956756427,False,0.05198280546214917
2701.TW,2026-09-30,10.300000190734863,47,0.21883030325144032,0.4317945374470974,False,0.02502633481739558
2702.TW,2026-09-30,12.25,350,0.0714879344918749,0.08951749318327626,False,-0.3045025138555477
2704.TW,2026-09-30,45.45000076293945,56,0.2951610624725133,0.39231740505435075,False,0.4449780285717111
2705.TW,2026-09-30,15.100000381469727,108,0.24940395447373298,0.4212407080876587,True,-0.014162228641358965
2706.TW,2026-09-30,12.199999809265137,41,0.023443747201043492,0.0670898199503339,False,0.09947940850287651
2707.TW,2026-09-30,175.5,88,0.18096003359392804,0.483813941409878,True,-0.7651587078862008
2722.TW,2026-09-30,21.399999618530273,30,0.4079713667490361,0.5697232593229992,False,0.3346316480404461
2723.TW,2026-09-30,77.4000015258789,128,0.3387874459491128,0.3058455998742857,False,0.3992091805021545
2727.TW,2026-09-30,236.0,287,-0.1943704877330748,-0.3059596456257044,False,9.147316883393898
2731.TW,2026-09-30,144.5,108,0.20197281543426845,0.2829900417292381,False,3.1597629741416995
2739.TW,2026-09-30,36.54999923706055,47,0.27440982449144496,0.5280631646390389,False,0.06635986146805095
2748.TW,2026-09-30,38.79999923706055,48,0.1094521618703717,0.23183120834475152,False,0.18580787734947535
2753.TW,2026-09-30,180.0,145,-0.028704844081137604,-0.04623705899141856,False,2.3856678732280727
2762.TW,2026-09-30,79.19999694824219,29,0.3033277886707858,0.6244166301396303,False,0.18362257863121556
2812.TW,2026-09-30,18.850000381469727,13306,-0.33249191951312124,-0.4179886828799084,False,-0.1527209166615826
2816.TW,2026-09-30,40.29999923706055,142,-0.26857496051756496,-0.21059310950868304,False,1.477805099546977
2820.TW,2026-09-30,16.850000381469727,1915,-0.31608399481497335,-0.36344047213573766,False,0.05597106206590041
2832.TW,2026-09-30,56.900001525878906,124,0.2435415622367524,0.2948933288465925,False,-0.11088386396914274
2834.TW,2026-09-30,17.75,19148,-0.048577650203115066,-0.03567629276049804,False,0.5140640995607022
2836.TW,2026-09-30,12.100000381469727,594,-0.09516900660078728,-0.11068232451267708,False,0.014892423269253996
2838.TW,2026-09-30,20.600000381469727,1920,-0.17704014014552838,-0.15589898469622498,False,0.03042654401838618
2845.TW,2026-09-30,13.100000381469727,7112,-0.18445005478926227,-0.1395524563949239,False,-0.07195944679763144
2850.TW,2026-09-30,163.0,1401,0.0673036787954602,0.07352413764765543,False,6.505829596892369
2851.TW,2026-09-30,47.20000076293945,1080,-0.5258036471301976,-0.34301408467826605,False,1.5235410540829974
2852.TW,2026-09-30,27.850000381469727,145,0.07308263192373327,0.1377984767057474,False,0.022614852263192375
2880.TW,2026-09-30,45.349998474121094,13510,-0.37506017672251574,-0.2967493797133114,False,1.8543427131581538
2881.TW,2026-09-30,151.0,11235,0.07553708706078358,0.05186646806781373,False,4.4610357167118195
2882.TW,2026-09-30,111.0,21315,0.1982119522965301,0.13477402473689712,False,1.1302717658430055
2885.TW,2026-09-30,68.5,15625,0.38923772790868666,0.30218370433359965,False,0.5716093548605841
2886.TW,2026-09-30,49.150001525878906,16019,-0.545817905536182,-0.38751175266926724,False,0.058087699805987825
2887.TW,2026-09-30,41.95000076293945,34384,-0.06825567196002093,-0.04101032891055803,False,0.7678267660821589
2889.TW,2026-09-30,16.5,6697,-0.24024574079485933,-0.18674506614005357,False,0.3097630282694581
2890.TW,2026-09-30,44.25,17883,-0.23109431238758715,-0.1880297910600197,False,1.806929998998534
2891.TW,2026-09-30,68.4000015258789,26343,-0.1876916787572572,-0.14117217001087334,False,1.607338063741878
2892.TW,2026-09-30,38.650001525878906,28940,-0.2366900090277566,-0.1927551079034467,False,1.7020113080446393
2897.TW,2026-09-30,10.899999618530273,3864,-0.3024798779435939,-0.2619433212621831,False,0.1454133587434132
2901.TW,2026-09-30,24.149999618530273,35,0.1775969507418555,0.087707003166765,False,1.2127109164299128
2903.TW,2026-09-30,22.149999618530273,1759,0.1964454836123457,0.2930934219015392,False,0.18013478763400315
2904.TW,2026-09-30,12.600000381469727,29,0.007073505190894756,0.015096564397216336,False,0.0854251984008787
2905.TW,2026-09-30,18.299999237060547,760,-0.5382125966203247,-0.4057172140902907,False,0.41777844092846905
2906.TW,2026-09-30,13.399999618530273,79,0.21819420993811184,0.2642348386457351,False,-0.07890267958746477
2908.TW,2026-09-30,22.049999237060547,257,0.3382583348462939,0.42999946638073466,False,0.17547853534107105
2910.TW,2026-09-30,23.600000381469727,33,0.46247069704960075,0.3571412568800648,False,0.3273999402436729
2912.TW,2026-09-30,212.5,1661,-0.058286313806258296,-0.1216330360834528,False,-0.7719491643331651
2913.TW,2026-09-30,11.149999618530273,882,0.07140990896082998,0.08569694792815993,False,0.2122687309809148
2915.TW,2026-09-30,58.79999923706055,1293,0.36364534029967027,0.3160325208924116,False,2.401470381192887
2939.TW,2026-09-30,21.899999618530273,91,-0.008024505133474188,-0.0029473076562659974,False,2.63843284985019
2945.TW,2026-09-30,39.849998474121094,21,0.2750658389843031,0.34060447068130895,False,0.3720514712468699
3004.TW,2026-09-30,119.0,164,0.38575608938417033,0.28649813292757004,False,3.057597512843685
3005.TW,2026-09-30,116.5,1295,0.44673338867743767,0.3586038762059536,False,2.746954711920651
3010.TW,2026-09-30,125.5,342,0.3305212702815915,0.34046673954850243,False,2.216192462716137
3011.TW,2026-09-30,10.149999618530273,270,0.38709243159567874,0.22761532682025823,False,0.49523580596243555
3024.TW,2026-09-30,14.199999809265137,473,0.2499672359103464,0.12166690514965564,False,0.13326225088494503
3025.TW,2026-09-30,52.900001525878906,156,-0.033343163250764384,-0.0353147243635251,False,2.474725677288177
3028.TW,2026-09-30,62.900001525878906,561,0.15314178781761903,0.1376213416379909,False,1.9213894704187595
3033.TW,2026-09-30,42.599998474121094,3084,0.014598132133321914,0.013389483146248056,False,1.5856290646714228
3038.TW,2026-09-30,20.799999237060547,541,0.12167960566323317,0.18540015719863304,False,0.8350044062413673
3040.TW,2026-09-30,33.849998474121094,113,0.4546551671725244,0.29505700131662566,False,-0.01848497897133683
3045.TW,2026-09-30,119.5,9563,-0.33730178751326106,-0.4006253440083831,False,2.30309774300693
3046.TW,2026-09-30,53.599998474121094,106,0.4530767486560089,0.4413371063721954,False,1.2573989213834835
3050.TW,2026-09-30,11.949999809265137,775,0.41400259571936043,0.3031476367224328,False,0.8072195373784385
3052.TW,2026-09-30,10.399999618530273,235,0.22320334778833334,0.41745278570422145,False,0.11496476897217711
3059.TW,2026-09-30,38.75,1569,0.30578268853858676,0.2609851849305295,False,1.3350638437554778
3130.TW,2026-09-30,209.0,47,0.11693086661512453,0.4521474716005945,False,0.7228922687693569
3164.TW,2026-09-30,16.549999237060547,33,0.03783315185714161,0.04012291956452439,False,0.8837343215714597
3168.TW,2026-09-30,42.79999923706055,12,0.03751125709432778,0.035660317250437355,False,0.7571582523170335
3209.TW,2026-09-30,45.349998474121094,794,0.2346270810292347,0.18468359261213535,False,0.5438221102484562
3231.TW,2026-09-30,184.5,20353,0.4287724916410736,0.20752147823410444,False,4.213667531827525
3257.TW,2026-09-30,49.599998474121094,120,0.26295892113610886,0.22894912487409888,False,2.585117058329594
3308.TW,2026-09-30,22.350000381469727,155,0.0676168226574804,0.06969002098215826,False,0.7967553177438802
3321.TW,2026-09-30,18.25,87,0.2899620303375748,0.1389811563479592,False,1.2399721025907091
3356.TW,2026-09-30,66.0,158,-0.4899056608263431,-0.4457478084661621,False,-0.3620495873317111
3432.TW,2026-09-30,14.899999618530273,51,0.47884359085716527,0.19446352035436587,False,0.7380456111034164
3501.TW,2026-09-30,37.650001525878906,196,0.10344608919489702,0.22153764020117872,True,-0.0652315500569074
3530.TW,2026-09-30,59.20000076293945,115,0.46427703027570205,0.3244136180876639,False,2.750325500100182
3545.TW,2026-09-30,51.79999923706055,949,0.4076024684156855,0.21599221413924408,False,2.497139698087743
3592.TW,2026-09-30,237.5,1752,0.4383510096569153,0.26793684952228863,False,18.63800895855843
3596.TW,2026-09-30,153.0,626,0.32103250557009666,0.2688125381316434,False,0.8550527524224094
3607.TW,2026-09-30,14.0,220,0.11794062478889358,0.13864672843832157,False,0.45422173538795896
3669.TW,2026-09-30,33.0,103,-0.0400747547387001,-0.027058020371816552,False,1.220981019295511
3679.TW,2026-09-30,108.0,36,-0.021418388834805565,-0.02544056240052042,False,1.065510500365363
3694.TW,2026-09-30,51.5,365,0.46601538272113835,0.3923108886703894,False,2.2540163473321257
3703.TW,2026-09-30,19.600000381469727,689,0.1410190694845612,0.14939843263147543,False,0.06584631731457691
3704.TW,2026-09-30,40.5,925,0.24451098230757098,0.13399564159350175,False,1.0977191455094015
3705.TW,2026-09-30,56.70000076293945,167,0.20868205396853937,0.3231713145906428,False,0.977893317079058
3708.TW,2026-09-30,98.9000015258789,282,0.32701451200997683,0.21227373127242175,False,3.029368153659405
3712.TW,2026-09-30,20.649999618530273,662,0.476763148218161,0.366411771376947,False,0.16580376575791078
3716.TW,2026-09-30,34.25,252,-0.012211086387886433,-0.018080889281945237,False,0.5785122549716561
4104.TW,2026-09-30,72.69999694824219,149,0.08890112310296365,0.13643141311972998,False,1.660349875342817
4106.TW,2026-09-30,24.350000381469727,87,-0.0014020312924018482,-0.004395679637599054,False,0.05309181184427558
4108.TW,2026-09-30,11.5,171,0.40286589461132943,0.33615874508723564,False,0.27619361742333837
4119.TW,2026-09-30,55.5,108,-0.27350045463677497,-0.1416793952944526,False,0.3985003817647268
4133.TW,2026-09-30,20.649999618530273,35,0.24484177206230626,0.44317961999248096,False,0.4089505982531989
4137.TW,2026-09-30,77.30000305175781,72,0.3043910600241894,0.2553367338994227,False,1.7809831109059502
4142.TW,2026-09-30,18.25,1460,0.2762899825098406,0.29235188313897076,False,0.9369199749063988
4148.TW,2026-09-30,32.0,12,-0.5977927764534288,-0.30162249460130447,False,0.8263912658143298
4155.TW,2026-09-30,14.649999618530273,165,0.00371809371071461,0.0023768343526244387,False,0.35904883441362756
4164.TW,2026-09-30,27.350000381469727,266,0.16430289385796504,0.13721270014233722,False,2.0120229575322597
4178.TW,2026-09-30,16.700000762939453,88,0.4875018792819414,0.4469777145871113,False,0.18511332637931943
4190.TW,2026-09-30,24.950000762939453,12,0.1835674479174573,0.27691432078628797,False,-0.15728740127387653
4306.TW,2026-09-30,14.699999809265137,695,0.1592018446205767,0.16926227901435362,False,0.22870348203241875
4438.TW,2026-09-30,57.0,34,0.3105601536046784,0.3261461823274258,False,0.8393050045000621
4439.TW,2026-09-30,98.4000015258789,37,0.16541498870418306,0.14985043883134644,False,4.307198992657305
4440.TW,2026-09-30,17.549999237060547,30,0.05110075841295497,0.13159775482482086,False,0.06270957349756046
4441.TW,2026-09-30,171.5,83,0.23174261792389803,0.3382114391877455,False,0.9667640405257316
4532.TW,2026-09-30,24.850000381469727,732,0.19450087851423417,0.13241494818586616,False,1.5059244587578497
4536.TW,2026-09-30,161.0,248,0.4306387308813934,0.452000529743084,False,-0.8074010363471302
4540.TW,2026-09-30,62.099998474121094,4228,0.0924909224720165,0.04661763706667936,False,4.595582593562831
4557.TW,2026-09-30,50.29999923706055,57,-0.027897770920098597,-0.0401751163507566,False,0.6783590179745147
4560.TW,2026-09-30,29.899999618530273,367,-0.06962766146037153,-0.06768294989322679,False,1.083101551810163
4564.TW,2026-09-30,16.399999618530273,568,0.02774878963774505,0.02436603355806033,False,0.7616962425090499
4572.TW,2026-09-30,138.5,15,0.25874841497361106,0.329484213785548,False,-0.6966511507069413
4581.TW,2026-09-30,48.20000076293945,12,0.07358034197361428,0.10403894241231726,False,0.8817868259488151
4585.TW,2026-09-30,292.0,78,0.2717365942734177,0.23526561840270646,False,1.1861223061710575
4588.TW,2026-09-30,56.0,34,0.12604122768524215,0.0658631941471296,False,4.6104796292407855
4736.TW,2026-09-30,130.0,151,0.03030194043187274,0.03288880142702004,False,4.468678155113793
4737.TW,2026-09-30,55.400001525878906,46,0.4250111025197409,0.1757198593266415,False,-0.48646336040436466
4755.TW,2026-09-30,118.0,262,0.45424071837637836,0.3711615472587617,False,5.790032223239081
4771.TW,2026-09-30,214.5,118,0.25933317372672576,0.141568206722954,False,9.373405848167522
4904.TW,2026-09-30,103.5,6148,-0.40129470465661077,-0.4381146906462498,False,0.7810844406103286
4915.TW,2026-09-30,63.5,1919,-0.13840041374526313,-0.11066191497290821,False,3.143106749035894
4930.TW,2026-09-30,15.899999618530273,12,0.23949319080199705,0.3306492252865363,False,0.040780837805519
4938.TW,2026-09-30,89.80000305175781,11752,0.48601332645049,0.31692762583225026,False,0.6483565503646531
4942.TW,2026-09-30,31.899999618530273,89,0.24103525000962978,0.4291439328339837,False,0.6905843784961334
4961.TW,2026-09-30,181.0,1361,-0.12780052061752314,-0.05890684993149034,False,12.700051859931136
4967.TW,2026-09-30,275.0,1311,0.4625261484818015,0.3170604578465458,False,4.424578927668222
4994.TW,2026-09-30,81.80000305175781,13,0.3751279347655228,0.2788695175767676,False,0.6602003430044334
4999.TW,2026-09-30,17.850000381469727,36,0.2727068582691509,0.4309465419095726,False,0.11116099703173887
5007.TW,2026-09-30,56.400001525878906,87,0.2924722431971644,0.49511626151703897,False,0.9898550396278694
5203.TW,2026-09-30,58.400001525878906,82,-0.04364998730632269,-0.03773341228116614,False,1.8520300303229789
5215.TW,2026-09-30,37.900001525878906,15,0.3309057518619599,0.3278973354912687,False,0.4906246141953261
5234.TW,2026-09-30,308.5,1310,0.4873437959629666,0.17945911447080676,False,24.67109957358133
5244.TW,2026-09-30,35.599998474121094,63,0.392016460395094,0.2818422117893832,False,1.6345167215392067
5283.TW,2026-09-30,52.79999923706055,60,0.42725620805150666,0.26054941101144174,False,0.3414346553158438
5288.TW,2026-09-30,183.5,376,0.4862928205816234,0.4073234223109731,False,0.7439015646841938
5306.TW,2026-09-30,88.80000305175781,50,0.30132262599328685,0.2358815504951868,False,1.0181879475564557
5388.TW,2026-09-30,71.5,1744,0.28520574721133035,0.22895395329163937,False,0.39549825960787643
5469.TW,2026-09-30,74.0,1288,0.3197796458055868,0.21598119188452022,False,2.501893470875885
5484.TW,2026-09-30,39.599998474121094,176,0.2442835456784379,0.09477191193912256,False,0.9216770194044912
5515.TW,2026-09-30,51.900001525878906,329,0.16630805015903966,0.1129011887872904,False,2.63126682977709
5521.TW,2026-09-30,10.600000381469727,793,0.2773825127196363,0.3345008431486488,False,0.16484217905402865
5522.TW,2026-09-30,61.0,666,0.172872482738764,0.1611403057444578,False,0.4893309430769861
5525.TW,2026-09-30,22.0,66,0.300887091897803,0.44273019551192705,False,0.19931455222208072
5533.TW,2026-09-30,13.949999809265137,48,0.2364843851466922,0.4234987561497466,False,0.12480673276978749
5534.TW,2026-09-30,73.0999984741211,710,0.27058998472583645,0.269108583645617,False,-0.15368001612417004
5538.TW,2026-09-30,36.25,120,0.4511115366090662,0.5398792749437733,False,1.178772892530418
5546.TW,2026-09-30,14.350000381469727,11,-0.26243069611781233,-0.18003152294010702,False,0.0686752016945249
5607.TW,2026-09-30,52.400001525878906,269,-0.745942099480504,-0.32240652206123105,False,1.024109776506691
5608.TW,2026-09-30,16.950000762939453,1472,0.293026031959197,0.17410875343176013,False,0.3769940432446006
5706.TW,2026-09-30,44.150001525878906,53,0.23026398031818432,0.4901572429235121,False,0.3275994367971151
5871.TW,2026-09-30,107.0,7833,-0.02460098446835013,-0.02029228892220832,True,-1.2123235314360272
5876.TW,2026-09-30,49.150001525878906,6914,-0.23299505131597747,-0.1631084707284088,False,2.838532382963649
5880.TW,2026-09-30,26.100000381469727,17922,-0.3795535813990616,-0.3632701810659053,False,-0.07472773075969386
6024.TW,2026-09-30,60.400001525878906,140,0.15667187210954414,0.20304954038823803,False,0.1684903672063811
6115.TW,2026-09-30,44.0,109,0.29814373342106826,0.34118905634117325,False,0.31152687151118386
6117.TW,2026-09-30,62.20000076293945,171,0.11952615751025933,0.12784483110329706,False,1.5642193716602435
6128.TW,2026-09-30,19.200000762939453,47,0.371343979130057,0.42194933856229466,False,0.298090755607074
6136.TW,2026-09-30,25.049999237060547,154,-0.1905008699332323,-0.20740234265074742,False,0.5756314160753178
6153.TW,2026-09-30,18.200000762939453,3911,0.42843342841199156,0.23301412838256508,False,1.2224918563885367
6165.TW,2026-09-30,50.0,340,0.3936030677199459,0.27716828652003234,False,2.5273733912117677
6176.TW,2026-09-30,91.19999694824219,1302,0.4345434168838655,0.2545833472606531,False,1.3941837210231824
6177.TW,2026-09-30,46.45000076293945,655,0.010935999018678219,0.007672024179329118,False,0.05225487509314064
6183.TW,2026-09-30,91.80000305175781,33,0.24857540314459955,0.3874550794223506,False,1.022202733105047
6184.TW,2026-09-30,40.29999923706055,31,0.33907537497501883,0.37170768505354557,False,0.6077385673110172
6189.TW,2026-09-30,50.400001525878906,407,0.09358068871483992,0.09681091746795488,False,3.924325306697412
6201.TW,2026-09-30,44.599998474121094,12,0.13592184951225217,0.11635379382116005,False,0.4679009940817025
6206.TW,2026-09-30,139.5,857,0.04995310380153875,0.027947936323238054,False,4.172022064483684
6209.TW,2026-09-30,81.69999694824219,7123,0.3659414010968833,0.14520078081590587,False,4.592841532851494
6214.TW,2026-09-30,188.0,1782,-0.022192706433457693,-0.03098193601155849,False,3.887143336047103
6215.TW,2026-09-30,97.69999694824219,255,0.4164989777437915,0.3029322312395178,False,1.4168918087428466
6216.TW,2026-09-30,19.950000762939453,95,0.3227828572308914,0.31058723383650744,False,0.6225484181892647
6235.TW,2026-09-30,39.099998474121094,231,0.2800256606866139,0.2341914333527539,False,1.28306064673788
6277.TW,2026-09-30,77.0,110,0.3527889644924394,0.34301704645476744,False,0.5088788039223431
6281.TW,2026-09-30,51.0,39,0.019067193021750216,0.06601363833230967,False,0.04795913888194292
6412.TW,2026-09-30,74.80000305175781,298,0.23854333625871457,0.2776583773042299,False,1.8458193086492116
6414.TW,2026-09-30,392.0,2335,0.35067362843684774,0.17762860868063227,False,24.73007000239153
6464.TW,2026-09-30,76.80000305175781,18,0.22809746339195416,0.24616049493318184,False,0.3434078613703804
6472.TW,2026-09-30,424.0,278,0.3399508888797285,0.15366837089903904,False,19.296314236919613
6491.TW,2026-09-30,413.0,444,0.06744454182503898,0.04160337468349469,False,38.92112537333861
6504.TW,2026-09-30,36.95000076293945,31,0.46263362125154656,0.42612635478916905,False,0.5554586856560633
6552.TW,2026-09-30,25.0,59,0.29236788590766655,0.2820945536441578,False,1.5845179791991235
6558.TW,2026-09-30,25.0,354,0.10106505897038769,0.06420022736373328,False,1.5346170135740245
6573.TW,2026-09-30,16.450000762939453,187,0.49796493074596293,0.2333797163067567,False,0.6599698044689539
6581.TW,2026-09-30,108.5,11,0.08575230310043498,0.12757593912191723,False,0.3345608384704519
6582.TW,2026-09-30,31.100000381469727,24,0.14404731664623374,0.20069832245773178,False,0.15837269030010148
6591.TW,2026-09-30,42.849998474121094,109,0.4383584804069519,0.3217894768511547,False,1.2947425936826065
6592.TW,2026-09-30,56.900001525878906,476,-0.1340772283137169,-0.21322768106614037,True,-0.9459849634145883
6598.TW,2026-09-30,27.399999618530273,195,0.48294755124516137,0.2566078183687295,False,0.35730051356323145
6605.TW,2026-09-30,137.5,157,0.12050540167442335,0.14019396383608296,False,1.64028238903839
6606.TW,2026-09-30,24.799999237060547,64,0.030357476290508913,0.027425231908953903,False,-0.07880164395430711
6614.TW,2026-09-30,35.29999923706055,33,0.13790980869511757,0.2255829207357749,False,-0.005134049214191805
6625.TW,2026-09-30,74.0,49,0.2959682422212866,0.3596500929976093,False,0.5589328443939365
6641.TW,2026-09-30,17.0,12,0.33233274053940015,0.462212752066132,False,0.1598948247617642
6655.TW,2026-09-30,125.0,2,0.1884404765820461,0.1887388699822479,False,7.742398076251362
6666.TW,2026-09-30,45.54999923706055,21,0.28937340317680577,0.41436871754027976,False,1.4168745521372443
6670.TW,2026-09-30,272.0,181,-0.03706892688925855,-0.038769044917175755,False,0.920051333096751
6671.TW,2026-09-30,22.700000762939453,7,0.058340176916380854,0.08537847617563232,False,-0.029200877460684893
6698.TW,2026-09-30,33.29999923706055,489,0.09390145588028723,0.04343634814130829,False,2.2708141829700246
6722.TW,2026-09-30,32.5,14,0.4630049153568451,0.5459134138229139,False,0.2157433376261153
6743.TW,2026-09-30,31.850000381469727,552,-0.06740774159212916,-0.08833441084812743,False,3.5278477625534634
6757.TW,2026-09-30,54.0,875,0.19510340019243258,0.2467439345762293,False,0.7789153450043287
6768.TW,2026-09-30,62.70000076293945,89,0.19575360401639,0.29495939291488166,False,0.7952761557038386
6776.TW,2026-09-30,52.900001525878906,64,0.32901870930441285,0.5040298204308715,False,1.1141442157508052
6782.TW,2026-09-30,242.0,229,0.42621537984383984,0.1572618512794857,False,15.160535259178545
6790.TW,2026-09-30,37.79999923706055,57,0.07528469163948157,0.24679120388868322,False,0.1095663972508163
6792.TW,2026-09-30,59.599998474121094,30,0.3222515579835707,0.3019537497140848,False,1.139299302847192
6794.TW,2026-09-30,71.80000305175781,19,0.1828469466185691,0.14742688799429335,True,-1.4192380156063678
6835.TW,2026-09-30,31.200000762939453,8,0.36870602205224645,0.3800295759699182,False,0.7162526967248866
6838.TW,2026-09-30,25.799999237060547,135,0.38389704421500614,0.15580309745238777,False,2.6556684316398247
6873.TW,2026-09-30,68.4000015258789,146,0.49783983292038164,0.4620014080370547,False,0.8002635817136223
6906.TW,2026-09-30,83.5999984741211,51,0.034745350466366946,0.01145207708601162,False,4.314577723605652
6909.TW,2026-09-30,42.849998474121094,243,0.06140659267377354,0.02202624590825407,False,2.8924472397074794
6914.TW,2026-09-30,119.0,82,0.052601201402307896,0.10392523374651513,False,-0.6180881310581157
6916.TW,2026-09-30,18.700000762939453,35,0.4959269342129545,0.4098940514704196,False,0.6426214720643877
6923.TW,2026-09-30,75.19999694824219,48,0.3279451889767542,0.4440219288370488,True,-0.09704738444243333
6928.TW,2026-09-30,46.0,39,0.46738917122477175,0.31391554174515607,False,0.2595139772415749
6931.TW,2026-09-30,38.900001525878906,24,0.18697252239167575,0.26366014799270654,False,0.2324139918279542
6936.TW,2026-09-30,32.0,15,0.24687443408829,0.40391604883815707,False,0.3938609699885163
6962.TW,2026-09-30,32.45000076293945,2059,0.48007137926501053,0.41050547854901864,False,1.8030127477611266
7705.TW,2026-09-30,29.850000381469727,39,0.20890111713973278,0.49643233653033025,False,0.07981676485296774
7722.TW,2026-09-30,259.0,32,0.38165535119131444,0.3587130019500093,False,0.7753329394994921
7736.TW,2026-09-30,68.5,16,-0.10761189505979546,-0.13182087451052182,False,0.15627386323534154
7760.TW,2026-09-30,32.54999923706055,35,0.009730440174908645,0.010166774057329414,False,-0.058536935129737344
7780.TW,2026-09-30,16.25,579,0.32154937466081485,0.3867671648560654,False,0.19592681575715787
7786.TW,2026-09-30,119.5,70,-0.1396237931919012,-0.09961177237916433,False,4.65498230864722
7791.TW,2026-09-30,55.29999923706055,19,0.13079575079074948,0.13261525370894803,False,0.22225047893154937
7818.TW,2026-09-30,60.099998474121094,65,0.10595981789484525,0.23493851891319112,False,0.21704511650771252
7821.TW,2026-09-30,35.900001525878906,197,0.3833810014091205,0.32022628995757796,True,-1.1049860988280074
7855.TW,2026-09-30,41.400001525878906,487,-0.013545127718046286,-0.041412128505586177,True,-0.274758743768615
8011.TW,2026-09-30,16.100000381469727,894,0.23955144675064016,0.16252704944502866,False,0.6404675602437333
8070.TW,2026-09-30,50.20000076293945,940,0.2711812091489305,0.22039042228109706,False,0.8915187867951886
8072.TW,2026-09-30,27.850000381469727,99,0.04703137404148173,0.03081352188701116,False,2.029759099754237
8081.TW,2026-09-30,251.5,458,0.39251987053283083,0.3709922318110133,False,4.494446255756998
8163.TW,2026-09-30,30.25,669,0.2843503110356324,0.223645936436386,False,0.8105865131979009
8222.TW,2026-09-30,35.79999923706055,251,0.47232328000328333,0.35636846167359965,False,1.4333181678259095
8341.TW,2026-09-30,74.4000015258789,160,0.10189608598833563,0.25313615625993385,False,0.19571019943118984
8367.TW,2026-09-30,40.45000076293945,12,0.23929312353647922,0.29980341948515493,False,0.15657242282012618
8411.TW,2026-09-30,11.899999618530273,347,0.10574883830663288,0.11545424783502535,False,-0.30146846375314595
8422.TW,2026-09-30,25.899999618530273,2685,0.23887468178099838,0.2219001034584341,False,0.24500036428771566
8442.TW,2026-09-30,45.599998474121094,66,0.14857469077160634,0.15880422753736959,False,0.582539774293906
8443.TW,2026-09-30,11.149999618530273,45,0.23624068237915316,0.508985799922426,False,0.013109161753268594
8454.TW,2026-09-30,240.5,417,0.3644476817380061,0.22721745332143764,False,3.2237538694737395
8463.TW,2026-09-30,21.25,29,0.17534917620565363,0.2381925450711712,False,0.1988490584378937
8464.TW,2026-09-30,366.5,349,-0.4374899474338827,-0.32165038051711803,False,-0.3129716447763258
8476.TW,2026-09-30,20.100000381469727,171,-0.2693319400934462,-0.2168367741739581,False,0.8731553390007392
8478.TW,2026-09-30,141.0,61,-0.007201906349966581,-0.008218114116955737,False,1.3448964133118864
8481.TW,2026-09-30,40.95000076293945,9,0.3533550245672124,0.6337139860374743,False,0.2073003396293771
8499.TW,2026-09-30,258.0,14,0.49786599879300564,0.5948292121476066,False,6.654779200535302
9802.TW,2026-09-30,64.80000305175781,489,0.2021631494993072,0.17080376827049062,False,1.551428254377285
9904.TW,2026-09-30,24.950000762939453,8182,0.23047900789946305,0.3120319266173632,False,0.6671326281995995
9905.TW,2026-09-30,21.350000381469727,89,-0.022559334171752717,-0.0627216390318607,False,0.1560397859958087
9907.TW,2026-09-30,14.899999618530273,1103,0.3471661465616374,0.5233179845069466,False,0.0985040433083455
9908.TW,2026-09-30,29.0,98,0.06648654287363381,0.3386411594945302,False,0.06310913644963989
9910.TW,2026-09-30,68.80000305175781,604,0.31578371125904414,0.21558967161394707,False,1.2349242089244825
9911.TW,2026-09-30,81.5,179,0.0790686911588971,0.20363036453130412,False,0.24971656063586067
9912.TW,2026-09-30,13.100000381469727,16,0.04634483389118626,0.04368890963435072,False,0.35852391504780634
9917.TW,2026-09-30,105.5,321,0.1687065486670343,0.23771976738506057,False,0.11032594641032745
9918.TW,2026-09-30,43.150001525878906,11,0.08778678462538615,0.12890214578601347,False,0.41524885124331945
9919.TW,2026-09-30,13.850000381469727,171,0.2956616953332637,0.48851556444477146,False,0.019807145140736893
9924.TW,2026-09-30,38.20000076293945,111,0.27882456529211613,0.5465693772269079,False,0.4399087801807866
9925.TW,2026-09-30,39.54999923706055,402,0.2505044387698165,0.5151365811401973,False,999.0
9926.TW,2026-09-30,49.099998474121094,20,0.05924827410056185,0.14610361752621248,False,0.2009446574224114
9927.TW,2026-09-30,70.0999984741211,862,0.10991135923879908,0.34117712300416053,False,0.5741508713751244
9928.TW,2026-09-30,17.75,31,-0.2528799039780126,-0.47956071007979073,False,0.15732153813705807
9929.TW,2026-09-30,11.100000381469727,13,-0.1688603671337935,-0.11255436780254355,False,0.21607724785345006
9930.TW,2026-09-30,60.20000076293945,206,0.29993706750063515,0.6190452366073803,True,-0.19373718670627227
9931.TW,2026-09-30,34.20000076293945,15,0.15733816217030974,0.3532274726329557,False,0.36691331236608704
9933.TW,2026-09-30,40.70000076293945,1376,-0.2557040764724961,-0.19376108061258318,False,1.5376984085474845
9937.TW,2026-09-30,54.5,22,0.21900621503752227,0.40565384956383216,False,0.37101056993474657
9938.TW,2026-09-30,38.25,498,0.33682138155949604,0.39255346374263433,False,0.8333829967345139
9939.TW,2026-09-30,126.0,1077,0.06861416988302353,0.0800062129130409,False,1.4984688100444004
9940.TW,2026-09-30,20.100000381469727,192,0.469313487573343,0.5109409636481322,False,0.17054626355073665
9941.TW,2026-09-30,77.9000015258789,835,-0.3577214116273698,-0.3464502143000541,False,-1.1193356292808119
9942.TW,2026-09-30,114.5,40,0.11573956284044214,0.23723923417235415,False,1.0489939270959496
9943.TW,2026-09-30,50.400001525878906,69,0.2145585190237779,0.504021181261212,False,0.03808869545564164
9944.TW,2026-09-30,17.200000762939453,30,0.13742959382284092,0.25516243642299796,False,0.06615809874897138
9945.TW,2026-09-30,29.450000762939453,4079,0.20163176389034226,0.15722238259467106,False,1.6812791484345944
9946.TW,2026-09-30,17.0,181,0.4490764787036332,0.28598729831506825,False,0.2173028242858983
9955.TW,2026-09-30,23.100000381469727,203,0.36045180030572177,0.44244527807294504,False,0.03886408778511452
2237.TW,2026-09-30,26.75,108,0.3409693383701916,0.5235327688954665,False,-0.05481553284186447
2432.TW,2026-09-30,27.649999618530273,3,0.39165653219177865,0.40488578344994,False,0.5747313527029903
4582.TW,2026-09-30,22.5,132,0.34211031072045806,0.4088843731616015,False,0.34132255793726785
6534.TW,2026-09-30,90.5999984741211,23,0.39130481213030877,0.6209464068976714,False,0.8570918645568639
6645.TW,2026-09-30,12.850000381469727,12,-0.48267536444951464,-0.31892074120981395,False,0.5879046313342897
6771.TW,2026-09-30,42.599998474121094,57,0.08429595868426322,0.15218694446229405,False,1.0328182633553809
6908.TW,2026-09-30,26.649999618530273,111,0.374634769518194,0.1697598512049631,False,-1.884991691088139
6951.TW,2026-09-30,69.19999694824219,23,-0.014649301730613927,-0.03344306827885019,False,0.05474483433073374
6955.TW,2026-09-30,96.0,5,0.168007403337747,0.131438028101294,False,1.782326209878775
7730.TW,2026-09-30,179.5,94,-0.30478241595092903,-0.11118398491005624,False,11.679576435041753
7823.TW,2026-09-30,80.19999694824219,37,0.2131842841118427,0.16810513533859875,False,0.7431580664727306
8487.TW,2026-09-30,70.80000305175781,11,0.18083795758918997,0.22826648829109808,False,0.5941719036659521
1240.TWO,2026-09-30,54.29999923706055,13,0.3245035612209872,0.3919116938889306,False,-0.28246898842675705
1259.TWO,2026-09-30,68.0999984741211,20,0.42563904034543876,0.2672348585600095,False,4.892153125246274
1264.TWO,2026-09-30,245.0,21,0.22028763781661104,0.4926669546900007,False,1.8675766573449835
1268.TWO,2026-09-30,175.0,18,0.027194291886597274,0.05508013118792616,False,3.4189605089503345
1294.TWO,2026-09-30,50.400001525878906,22,0.4405557075533476,0.6099746330569675,False,0.04816275916800805
1295.TWO,2026-09-30,47.400001525878906,28,0.07114544230856192,0.07519474867867035,False,2.974432706002979
1565.TWO,2026-09-30,96.5,62,0.27636181806195537,0.3466371335845758,False,0.8604093077070019
1570.TWO,2026-09-30,33.20000076293945,50,-0.1199920151628419,-0.19456221956616762,False,1.0509939667779307
1580.TWO,2026-09-30,97.0999984741211,55,0.08472869756609175,0.09269658959803241,False,1.4139801244182166
1584.TWO,2026-09-30,18.850000381469727,1684,0.19590210588825152,0.17782900732420948,False,1.072188586551249
1586.TWO,2026-09-30,17.899999618530273,1237,0.04532984565419513,0.12245918847828006,False,-0.0284379377127415
1593.TWO,2026-09-30,31.700000762939453,11,0.21415820230061886,0.46474155609732554,False,0.3024046753307559
1599.TWO,2026-09-30,23.049999237060547,14,-0.04258932164540286,-0.0863353021247637,False,0.5604968696002146
1742.TWO,2026-09-30,17.600000381469727,70,0.09687438865238078,0.1594941350462195,False,0.14563788411822287
1777.TWO,2026-09-30,73.9000015258789,4,0.20239058382539618,0.3354799817712007,False,0.2503260940158043
1780.TWO,2026-09-30,25.299999237060547,127,0.12367421864440227,0.12045994320259686,False,0.8788894288362918
1784.TWO,2026-09-30,61.20000076293945,81,0.18117847392887113,0.11687038558692317,False,3.015624025103911
1788.TWO,2026-09-30,128.0,5,-0.04327557330946072,-0.22134037738886247,False,0.34683850939423166
1796.TWO,2026-09-30,29.149999618530273,6,0.46628226231794795,0.427738377056412,True,-0.0014045653241829825
1813.TWO,2026-09-30,11.300000190734863,8,-0.0640962524806698,-0.08120911449447821,False,0.034165067280307326
2035.TWO,2026-09-30,26.5,2,-0.24341330351471266,-0.1426547406301188,False,0.24501993821748158
2063.TWO,2026-09-30,23.5,35,0.045438066009118476,0.06847801941651567,True,-0.08563030918760361
2065.TWO,2026-09-30,35.54999923706055,49,0.30254523511872605,0.4268872540519123,False,0.5917843294648435
2070.TWO,2026-09-30,63.29999923706055,69,-0.05979791191048779,-0.04037797400141895,False,3.604094872019239
2073.TWO,2026-09-30,25.200000762939453,3,-0.06511502997591143,-0.032686480350338595,False,-0.01784470927001891
2230.TWO,2026-09-30,21.799999237060547,66,0.07245050076661833,0.03400743974927591,False,0.5612849898573558
2235.TWO,2026-09-30,28.0,4,0.38863688418836495,0.21295178446116292,False,0.22127199738593006
2596.TWO,2026-09-30,35.099998474121094,67,-0.6189889688734213,-0.4598773971639359,False,0.4740984787813005
2640.TWO,2026-09-30,157.0,14,-0.12570083022536876,-0.058962860709023304,False,5.019283120419658
2641.TWO,2026-09-30,17.5,1153,0.3698671483500995,0.3781608883779211,False,0.1255817097792189
2643.TWO,2026-09-30,62.599998474121094,7,0.2712944243748192,0.5036779882618617,False,0.06499947732683609
2718.TWO,2026-09-30,40.45000076293945,25,0.4337922970310826,0.5191160846869513,False,0.3954771968014512
2719.TWO,2026-09-30,19.75,1,0.26503335200330086,0.22394586438387667,False,0.5243800638968494
2729.TWO,2026-09-30,156.0,15,0.3324770398277315,0.3395424045867058,False,3.350234439767661
2732.TWO,2026-09-30,63.099998474121094,21,0.17758750876536727,0.144641513928812,False,0.8128434339207047
2734.TWO,2026-09-30,14.449999809265137,27,0.048039039307711334,0.09961084918912928,False,0.0453386697508158
2736.TWO,2026-09-30,11.350000381469727,28,-0.07583538238058307,-0.11790335326566681,False,0.06438327290827317
2740.TWO,2026-09-30,30.149999618530273,13,-0.3936098942648269,-0.38261683566196525,False,-0.21623784738361707
2745.TWO,2026-09-30,84.9000015258789,27,0.3884950986967598,0.5847055535036184,False,1.1898337915027497
2751.TWO,2026-09-30,52.70000076293945,15,0.08644291958783476,0.06078548750567511,False,0.9088729986752426
2752.TWO,2026-09-30,177.0,11,0.22703654348025462,0.26252185004281753,False,0.7976301388853813
2754.TWO,2026-09-30,68.0,18,-0.06270505242603526,-0.07689841958845284,False,0.030473186757930648
2755.TWO,2026-09-30,98.9000015258789,26,-0.10956224652453364,-0.20052363711043958,False,1.1320312696833241
2756.TWO,2026-09-30,62.79999923706055,1,0.13623070298613954,0.1018119699717724,False,1.1308482440323715
2916.TWO,2026-09-30,40.54999923706055,10,0.005620500605917525,0.011755985783602853,False,0.5525185569198641
2926.TWO,2026-09-30,30.200000762939453,12,0.02034623764436493,0.025540986882645177,False,0.42815809604524446
2937.TWO,2026-09-30,44.70000076293945,1,-0.04180504948464428,-0.07056731974681561,False,0.9472714029173162
2947.TWO,2026-09-30,60.5,8,0.3057926481955234,0.40109501692316263,False,0.4370886557726692
2948.TWO,2026-09-30,37.400001525878906,1,0.33812071124500154,0.23716395860917563,False,0.6498899255373018
2949.TWO,2026-09-30,68.9000015258789,15,0.3710148210195307,0.15610197192550584,False,7.669657210976773
3078.TWO,2026-09-30,46.150001525878906,356,0.3678790040622372,0.2239180379002641,False,2.383468580008831
3083.TWO,2026-09-30,22.600000381469727,60,0.4090389549716344,0.4670730310921083,False,0.3953286450257991
3095.TWO,2026-09-30,33.5,8,-0.16106822356475414,-0.08320721884799515,False,-0.23332910618796632
3118.TWO,2026-09-30,31.299999237060547,49,0.04765093749539224,0.06610265651110657,False,0.1003614023922701
3128.TWO,2026-09-30,20.350000381469727,60,-0.38420734796698813,-0.39331735851907923,False,0.44039497071891276
3158.TWO,2026-09-30,84.9000015258789,20,-0.1954913276677442,-0.14177476946383902,False,1.6454326600803597
3171.TWO,2026-09-30,58.79999923706055,4,0.07687384258510466,0.07943837006578738,False,0.5233644374921766
3188.TWO,2026-09-30,23.299999237060547,129,0.3741530967498,0.4409842055448603,False,-0.059741970453337956
3191.TWO,2026-09-30,16.75,22,0.07642713592914728,0.06199257589844332,False,0.31916778474557006
3205.TWO,2026-09-30,46.79999923706055,6,0.11984693093193473,0.16045343377674584,False,0.4339055486898502
3206.TWO,2026-09-30,34.95000076293945,17,0.40646688069098397,0.39428401449533906,False,0.7671595413212344
3207.TWO,2026-09-30,38.79999923706055,187,0.13762257355879562,0.07278260893004368,False,1.8214794549947513
3213.TWO,2026-09-30,124.5,123,0.4743615199746019,0.3424197317663736,False,2.678352691474032
3218.TWO,2026-09-30,135.0,84,0.3841430163043062,0.4838904254400558,False,2.481098884280698
3224.TWO,2026-09-30,31.450000762939453,18,-0.10918555085524263,-0.07648957791682066,True,-0.18537727508034862
3230.TWO,2026-09-30,41.400001525878906,309,0.06404309841236788,0.05069424544156167,False,0.6521027684585121
3252.TWO,2026-09-30,15.300000190734863,28,-0.2471432104553675,-0.3557628026618492,False,0.040366691891934536
3272.TWO,2026-09-30,13.949999809265137,21,0.3836742674231986,0.3259360065562923,False,0.10096867890554506
3288.TWO,2026-09-30,21.200000762939453,24,0.45160643885519236,0.1751228424728269,False,1.0574936733341005
3290.TWO,2026-09-30,52.20000076293945,2604,0.34783565138492417,0.13591676939046937,False,7.227335075498992
3293.TWO,2026-09-30,788.0,2075,0.039362640234268186,0.028241908608684883,False,98.6661917211319
3303.TWO,2026-09-30,48.650001525878906,149,0.4025922506070978,0.29930952877497435,False,0.9843524011438731
3306.TWO,2026-09-30,48.04999923706055,176,-0.09151388808667822,-0.08705627606568096,False,3.8997686037279635
3310.TWO,2026-09-30,68.80000305175781,12,-0.318452158968601,-0.42170551477711093,False,1.129698470299374
3313.TWO,2026-09-30,10.449999809265137,35,-0.04067852733242185,-0.04869788926061665,False,0.005325062055391072
3323.TWO,2026-09-30,29.700000762939453,693,0.3381392740994384,0.20072524557752763,False,2.9559144113626594
3332.TWO,2026-09-30,63.70000076293945,19,0.14570145277188912,0.10996124049379852,False,3.6791584474776116
3373.TWO,2026-09-30,16.0,56,-0.051727687802403055,-0.08812986757338123,False,0.19489310845392716
3379.TWO,2026-09-30,27.700000762939453,40,0.4532053257720066,0.29270968275508413,False,0.786086993732507
3390.TWO,2026-09-30,22.600000381469727,196,0.46835786957235787,0.42944044466101744,False,1.0675760017061044
3438.TWO,2026-09-30,61.900001525878906,85,0.430732647267301,0.31367210077251884,False,1.1688816071808503
3444.TWO,2026-09-30,81.30000305175781,235,0.27561905711976076,0.10678410828307622,False,2.561727873469721
3465.TWO,2026-09-30,29.700000762939453,11,0.26142732060142837,0.40555656821077274,False,0.7300760801744914
3466.TWO,2026-09-30,23.899999618530273,390,0.24568654850014243,0.18942040899578155,False,0.0010822812557513828
3479.TWO,2026-09-30,136.0,710,0.3655745658799903,0.16381381895335842,False,11.624327096017979
3483.TWO,2026-09-30,79.0999984741211,346,0.1497640754551557,0.06328490834765393,False,4.5938930497272
3484.TWO,2026-09-30,46.54999923706055,86,0.006191830274866009,0.004222325820326501,False,2.183675531451115
3489.TWO,2026-09-30,23.350000381469727,91,0.10302895442778329,0.06823212104303028,False,1.6872899529920424
3492.TWO,2026-09-30,19.149999618530273,18,0.25965278901701583,0.4647766088148524,False,0.22204763703960495
3512.TWO,2026-09-30,19.200000762939453,20,0.03747729602127417,0.07885732391408934,False,0.15148111270676878
3516.TWO,2026-09-30,25.399999618530273,14,0.15870574658544326,0.16960374045724652,False,0.39755527633266396
3520.TWO,2026-09-30,17.350000381469727,161,0.1360981669228967,0.1655436295413638,False,0.160374441310573
3521.TWO,2026-09-30,11.850000381469727,20,0.13120390166996837,0.13852448086978958,False,-0.00022107583520636354
3523.TWO,2026-09-30,15.0,14,-0.3580600171071446,-0.09235636194171112,False,0.6785348541913176
3527.TWO,2026-09-30,53.099998474121094,52,0.2608584373160553,0.19064906327093892,False,3.8662125605202533
3531.TWO,2026-09-30,20.899999618530273,2,-0.11842131877917224,-0.16932060285880288,False,-0.18287793295967703
3540.TWO,2026-09-30,23.049999237060547,159,0.4552622033650359,0.22093571314428329,False,0.7424170518467648
3546.TWO,2026-09-30,72.5999984741211,56,0.3475850894749484,0.34225928147094714,False,0.9910708780451216
3556.TWO,2026-09-30,58.099998474121094,144,0.07684907227447653,0.04703378054488099,False,2.814990831349931
3558.TWO,2026-09-30,125.0,46,0.07606053666250344,0.04687580487726643,False,5.949265352535193
3564.TWO,2026-09-30,50.599998474121094,155,-0.9186978368788391,-0.2866740815641674,False,3.965954942699831
3567.TWO,2026-09-30,26.200000762939453,125,0.2235668371229679,0.33075678872190883,False,1.0871367720035074
3570.TWO,2026-09-30,167.0,19,-0.13841653573743462,-0.2007621470714424,False,4.223497628459199
3577.TWO,2026-09-30,117.5,627,0.20183847307198327,0.07665550701568075,False,8.190415579177369
3597.TWO,2026-09-30,28.100000381469727,71,0.459140627174466,0.28963468468000947,False,2.2096599381905797
3611.TWO,2026-09-30,183.0,30,0.028798940872281676,0.0744927494411321,False,1.5728397719705924
3628.TWO,2026-09-30,72.69999694824219,80,0.11725130601825166,0.05405866732653533,False,3.708927334675451
3630.TWO,2026-09-30,26.950000762939453,229,0.10094011832695483,0.05005322775554853,False,1.1990794561804705
3646.TWO,2026-09-30,24.950000762939453,19,-0.2327692701033621,-0.4424729815327156,False,1.0917728730089244
3666.TWO,2026-09-30,25.299999237060547,38,-0.07783634826022086,-0.2784767942533413,False,0.36496430051324324
3672.TWO,2026-09-30,12.350000381469727,10,-0.10590113346914447,-0.05989884882816354,False,0.6193902120304191
3684.TWO,2026-09-30,52.900001525878906,84,-0.22856947379659712,-0.383040133179697,True,-0.539052708976989
3685.TWO,2026-09-30,35.0,294,0.3326212012954287,0.23781517107602682,False,-0.18768578173607153
3687.TWO,2026-09-30,60.29999923706055,28,0.1345788293684712,0.33050040797873836,False,-0.13085130919017018
3713.TWO,2026-09-30,13.899999618530273,52,0.47878078983705125,0.4819451628558536,False,-0.03210906032960992
4102.TWO,2026-09-30,18.450000762939453,31,-0.055478533738423826,-0.08304325159419734,True,-0.07635179020279281
4105.TWO,2026-09-30,78.5,544,-0.09661566517272367,-0.23112837376156092,False,1.42131795169729
4107.TWO,2026-09-30,110.5,26,0.16702631682377214,0.44246536271771375,False,0.02706614454677947
4109.TWO,2026-09-30,11.050000190734863,51,0.2208574439055814,0.3233375365788593,False,0.2483263799619131
4111.TWO,2026-09-30,28.899999618530273,31,0.11870627154934348,0.335132285760356,False,0.2498065737260049
4113.TWO,2026-09-30,15.550000190734863,305,-0.2943570422673318,-0.24855527451642145,False,0.38360064158916174
4114.TWO,2026-09-30,29.549999237060547,474,0.246243048517667,0.4577570676596198,False,0.15784529223992294
4116.TWO,2026-09-30,39.79999923706055,17,0.0030072694885763104,0.006122021099685822,False,0.5077387824540196
4120.TWO,2026-09-30,45.900001525878906,7,-0.10539424297938356,-0.09770667413634705,False,0.3083237487442574
4121.TWO,2026-09-30,12.75,73,0.08037248848074896,0.11879492204752023,False,0.1381303316514355
4123.TWO,2026-09-30,31.25,982,-0.08395315174992395,-0.07954999180943702,False,1.1138679511839698
4126.TWO,2026-09-30,78.0999984741211,20,-0.03927566909115707,-0.1450570731295069,False,0.5828855596391662
4128.TWO,2026-09-30,15.350000381469727,1720,0.2785183519316249,0.2734126396191176,False,0.8835511307774357
4129.TWO,2026-09-30,83.4000015258789,101,0.2167239600966445,0.30789064699883745,False,1.752932061738548
4131.TWO,2026-09-30,30.649999618530273,47,-0.3109204709742652,-0.21293007466958472,False,0.08961256587378585
4138.TWO,2026-09-30,54.29999923706055,76,0.07627596084927693,0.070462221179344,False,1.8651425086984474
4139.TWO,2026-09-30,41.79999923706055,65,0.29381350734041733,0.23559494182996477,False,1.2046329577242645
4147.TWO,2026-09-30,63.70000076293945,579,0.31543700528823737,0.15963060504180693,False,3.0416006304646075
4153.TWO,2026-09-30,31.450000762939453,8,0.10223475399997081,0.09489749468917726,False,-0.13810611763734215
4160.TWO,2026-09-30,39.099998474121094,51,-0.05634115252936479,-0.06054474115708317,False,1.1478720321948899
4161.TWO,2026-09-30,21.75,47,0.06409632634456408,0.14326010181380897,False,-0.2811947405929267
4162.TWO,2026-09-30,55.599998474121094,177,0.1601714291308481,0.17300023548603027,False,1.1354084866959795
4163.TWO,2026-09-30,136.0,22,-0.08538306656135389,-0.06033402583699277,False,6.3068746271106875
4166.TWO,2026-09-30,24.100000381469727,47,0.15103187260318537,0.11417396689311395,False,0.36610266043458495
4167.TWO,2026-09-30,19.850000381469727,842,0.1946503273627273,0.20138932879171437,False,0.9398181378285102
4168.TWO,2026-09-30,22.350000381469727,191,0.10463249964249383,0.09842596023877694,False,0.8218105997601022
4171.TWO,2026-09-30,16.450000762939453,58,0.17276111138738612,0.23959344506051758,False,0.2253254906383262
4173.TWO,2026-09-30,17.299999237060547,42,0.13996879662843573,0.2241696206099282,False,0.26477530256003945
4175.TWO,2026-09-30,51.0,13,0.2084513794203966,0.30811347347605805,False,0.15656977382106163
4192.TWO,2026-09-30,18.649999618530273,5,0.15538762238668852,0.06821717661068628,False,0.47434395466040513
4198.TWO,2026-09-30,49.5,2,-0.3707596155979769,-0.1490195862272272,False,2.7040214545703662
4205.TWO,2026-09-30,68.5,27,0.00554761833673725,0.02075995261891448,False,-0.08751704419101713
4207.TWO,2026-09-30,19.350000381469727,36,0.1110238096624275,0.13782408810178942,False,0.11556641334114914
4401.TWO,2026-09-30,13.899999618530273,26,0.10395978925481061,0.09462670011436752,False,0.18936723307331071
4402.TWO,2026-09-30,13.800000190734863,26,-0.6677848870585268,-0.48229252904102726,False,-0.07662699802010309
4406.TWO,2026-09-30,10.300000190734863,18,0.2568137380071933,0.3481681770626836,False,0.3739395621023789
4413.TWO,2026-09-30,20.299999237060547,92,0.06030506171162814,0.028257388824414007,False,1.3131533498728878
4417.TWO,2026-09-30,49.54999923706055,52,-0.1615001524605232,-0.17805109522845017,False,2.3196388966599173
4419.TWO,2026-09-30,50.20000076293945,479,-0.04631627882893938,-0.022621545781019253,False,5.262116817265586
4420.TWO,2026-09-30,36.04999923706055,36,-0.05708068285046096,-0.05153440311007262,False,0.33049751012805473
4430.TWO,2026-09-30,17.75,30,-0.1700540869659619,-0.17937418614428044,False,0.5335043589359252
4432.TWO,2026-09-30,15.399999618530273,30,0.05281227252589604,0.06121367209341149,False,-0.03226514727682073
4433.TWO,2026-09-30,18.049999237060547,169,0.06610776751191946,0.07331062393295873,True,-0.030600702805671176
4442.TWO,2026-09-30,54.099998474121094,26,-0.06351595728416078,-0.037677427895840256,False,2.907952809057079
4502.TWO,2026-09-30,15.899999618530273,47,0.02514090611589653,0.06791396978400213,False,0.25604901570504346
4506.TWO,2026-09-30,118.0,26,0.21448906637694942,0.5000387214967601,False,0.005191378310911432
4510.TWO,2026-09-30,44.0,574,0.0958920324765076,0.052324408692442426,False,1.7057337999014308
4513.TWO,2026-09-30,16.200000762939453,138,0.3981213983851526,0.3373232775262734,False,0.7803059944977466
4528.TWO,2026-09-30,14.949999809265137,6,0.14251327265751418,0.35092348751130736,False,0.11310897347299154
4535.TWO,2026-09-30,27.0,23,0.4695056779993372,0.6048363434555704,False,0.14390031683872095
4538.TWO,2026-09-30,17.350000381469727,10,-0.012806942285200655,-0.017477902576103196,False,0.06705254349829204
4550.TWO,2026-09-30,24.450000762939453,50,0.13736538856587444,0.10841563183636391,False,0.686358206577232
4554.TWO,2026-09-30,28.25,49,0.456546549868198,0.5068431591417716,False,0.3212613809579459
4558.TWO,2026-09-30,16.950000762939453,25,0.11136919731379002,0.09371718067153428,False,-0.07045868853725423
4568.TWO,2026-09-30,39.45000076293945,17,0.2943785716211543,0.24711412907906816,False,0.6664470942070864
4584.TWO,2026-09-30,37.0,11,0.2718636605009539,0.4539471094992407,False,0.1322366361240057
4711.TWO,2026-09-30,16.350000381469727,19,0.18338584531544538,0.2448169434572637,False,0.09181955736561065
4716.TWO,2026-09-30,16.850000381469727,683,-0.05522600398803845,-0.027186882304758873,False,0.22299943768986097
4726.TWO,2026-09-30,22.950000762939453,61,0.3659784736491722,0.3513471983686257,False,0.554578139209216
4728.TWO,2026-09-30,399.0,1,0.07312301225550295,0.05899928712325521,False,7.873093414350421
4729.TWO,2026-09-30,20.649999618530273,1069,0.47729750264796894,0.2259870337822284,False,2.4639657446889096
4735.TWO,2026-09-30,36.099998474121094,13,-0.25238728528786813,-0.23968676986218923,False,0.6932182885895344
4745.TWO,2026-09-30,12.199999809265137,28,0.20310447635693657,0.29689826314347173,False,0.5753975860227385
4747.TWO,2026-09-30,23.600000381469727,86,0.17513974326886464,0.10185750893238885,True,-0.0031244184946821463
4754.TWO,2026-09-30,37.900001525878906,45,0.23681962394472658,0.3612817997934668,False,0.6520968442985193
4767.TWO,2026-09-30,28.200000762939453,6,0.11597585189896066,0.08072847803648124,False,0.5469476219084903
4907.TWO,2026-09-30,45.0,25,0.1471372041894819,0.09741428053887954,False,1.436285977232636
4911.TWO,2026-09-30,28.200000762939453,18,0.1351295573679325,0.12400868522459634,False,-0.22014332347933063
4933.TWO,2026-09-30,54.400001525878906,65,0.3029172423938011,0.3103422469151335,False,3.147207510348764
4950.TWO,2026-09-30,15.649999618530273,9,0.2964384198849006,0.1706107220483334,False,0.12974557820957777
4953.TWO,2026-09-30,117.0,149,0.16501381380816807,0.12266421042555496,False,0.06652207673930377
4972.TWO,2026-09-30,16.299999237060547,16,0.01896440862574095,0.04096692276725954,False,0.10863506552438551
4974.TWO,2026-09-30,71.0,75,0.26117951509384085,0.1649805690218302,False,1.0897211230947477
4995.TWO,2026-09-30,50.5,59,-0.34375152357814903,-0.37307225250933984,False,0.8059856814278987
5009.TWO,2026-09-30,33.099998474121094,6162,0.2355069774816654,0.21110139616772103,False,1.2465305880470083
5011.TWO,2026-09-30,18.799999237060547,283,0.0943038570006433,0.0996798792509365,False,0.8298189589457117
5014.TWO,2026-09-30,10.25,374,0.05301345015420588,0.06727836910570217,False,0.44763026827346586
5015.TWO,2026-09-30,21.899999618530273,36,0.19642643636253393,0.20317765948094477,False,0.38135751106026206
5016.TWO,2026-09-30,25.549999237060547,137,-0.02155590483031686,-0.02694349079768576,False,1.2094302089416118
5210.TWO,2026-09-30,30.600000381469727,242,-0.035801255533829644,-0.022348397634855754,False,2.3501955515810735
5211.TWO,2026-09-30,20.649999618530273,20,0.14843379295858652,0.061992684981963954,False,1.296822155992821
5212.TWO,2026-09-30,48.900001525878906,20,0.1915489719701653,0.18206075496312119,False,2.8186209013354997
5213.TWO,2026-09-30,20.899999618530273,62,0.16852278789320196,0.21144297904939224,False,0.42661584607347436
5223.TWO,2026-09-30,23.100000381469727,1,-0.15990332891691306,-0.08919102038847294,False,0.5030019589060899
5272.TWO,2026-09-30,18.0,547,0.2945524380537618,0.22240454640466173,False,1.3945232336278508
5276.TWO,2026-09-30,17.600000381469727,10,-0.1707827157726106,-0.09984002539956598,False,0.13056172403540955
5278.TWO,2026-09-30,23.950000762939453,93,0.14070312707452648,0.14838854365589715,False,0.48183761653174173
5287.TWO,2026-09-30,137.5,26,0.22419647673808635,0.35044343704537523,False,2.7818188653450022
5312.TWO,2026-09-30,89.9000015258789,27,0.09964256425743746,0.22604676111676775,False,0.08561158563225035
5315.TWO,2026-09-30,18.75,85,0.4358284524382431,0.37821845446273644,False,0.5618320987787193
5324.TWO,2026-09-30,12.449999809265137,175,0.22373362784555928,0.24615347296771564,False,0.26240431718981405
5344.TWO,2026-09-30,13.850000381469727,210,0.3412652778663233,0.16640541277617815,False,0.7566494824872425
5345.TWO,2026-09-30,21.5,11,-0.21176627345743845,-0.06467856994624398,False,0.4441642981894134
5348.TWO,2026-09-30,16.350000381469727,2,0.23901939424529547,0.1480117670719893,False,0.3764256683727414
5353.TWO,2026-09-30,28.450000762939453,39,0.04610851335302622,0.11328676855941903,False,0.8493903101184124
5356.TWO,2026-09-30,25.700000762939453,31,0.19497596367697864,0.348205702158772,True,-0.03140314752301876
5398.TWO,2026-09-30,13.850000381469727,26,-0.18450405336834225,-0.2905585199478228,False,-0.08334543208900591
5403.TWO,2026-09-30,92.80000305175781,34,0.19116720254091135,0.40825057971413165,False,0.13308784419280073
5438.TWO,2026-09-30,17.350000381469727,190,0.27848669965368816,0.31285057180860265,False,0.9932413750946729
5450.TWO,2026-09-30,14.800000190734863,108,0.31768614346824575,0.32985570084379895,False,0.3297271489826663
5460.TWO,2026-09-30,17.149999618530273,61,-0.01770884731757011,-0.009673243403934247,False,0.9425225578414249
5478.TWO,2026-09-30,97.0999984741211,29,0.07962566611401924,0.3179825507467543,False,0.38139125003807806
5481.TWO,2026-09-30,21.799999237060547,420,0.12708633982931727,0.11359239216083909,False,1.4412995029897608
5487.TWO,2026-09-30,28.600000381469727,114,-0.23061797330117123,-0.13419707164852557,False,-0.049335363161031154
5490.TWO,2026-09-30,25.649999618530273,122,0.3654286012028634,0.3643018272519926,False,0.7222501589490413
5508.TWO,2026-09-30,53.099998474121094,227,0.11053479466029095,0.06365996573770002,False,0.8236167885122896
5511.TWO,2026-09-30,69.5999984741211,121,0.18674159677725147,0.27854769148842046,False,0.4728915227222501
5514.TWO,2026-09-30,15.050000190734863,9,-0.3268333091251266,-0.4683960772767205,False,0.2025927156971612
5516.TWO,2026-09-30,12.0,4,0.04359918347550186,0.02799592890438516,False,0.2692599615443676
5530.TWO,2026-09-30,48.849998474121094,193,-0.22688645517554643,-0.39456660147200084,False,0.013005482000068014
5543.TWO,2026-09-30,26.700000762939453,9,0.09476029175180398,0.046861732852334505,False,0.04868092556956327
5547.TWO,2026-09-30,20.149999618530273,29,0.04783782662925037,0.05827213215075416,False,0.4485915817452302
5548.TWO,2026-09-30,20.149999618530273,42,0.06376935098135181,0.14451293694393014,False,-0.0166667144807775
5603.TWO,2026-09-30,13.350000381469727,90,0.14826691232280761,0.30389255568498286,False,-0.04374478876304089
5604.TWO,2026-09-30,31.200000762939453,10,0.19741215968663287,0.32642881904662907,False,0.3510226991777472
5609.TWO,2026-09-30,78.0999984741211,125,0.09386886509493027,0.2722758369279718,False,0.09469936753549746
5703.TWO,2026-09-30,13.350000381469727,3,-0.07929885148314735,-0.05650801259918396,False,-0.22196835293034312
5704.TWO,2026-09-30,22.649999618530273,86,0.17250724794345496,0.3131504823364577,False,0.137548251777865
5878.TWO,2026-09-30,37.849998474121094,6,-0.021477411362585158,-0.08508170710882966,False,-0.07728440992948293
5902.TWO,2026-09-30,34.5,75,-0.15912116337678425,-0.2265771309335242,False,0.3874630585265493
5903.TWO,2026-09-30,186.0,19,0.12644854210122367,0.3984418914272181,False,1.9953714493932182
5904.TWO,2026-09-30,69.69999694824219,4930,0.016650127317926415,0.01249249555522195,True,-0.34641372133134496
6020.TWO,2026-09-30,20.75,12,0.3105522159318815,0.522042008597563,False,0.3211001274023424
6023.TWO,2026-09-30,85.0,751,-0.2772446892317333,-0.18805263926708768,False,1.032753967117202
6026.TWO,2026-09-30,16.100000381469727,1100,0.38999425291598355,0.4189332255602827,False,1.112240621354612
6028.TWO,2026-09-30,99.0,9,0.16142007050131715,0.1615132084666081,False,4.392327494062556
6101.TWO,2026-09-30,37.400001525878906,227,-0.055269034435064535,-0.049962812182675835,False,0.16865836401680667
6109.TWO,2026-09-30,10.550000190734863,132,0.17907349740633877,0.2166125186164904,False,0.17543136900382095
6113.TWO,2026-09-30,22.649999618530273,74,0.36356173899161426,0.29567119101867545,False,0.633245391573066
6118.TWO,2026-09-30,16.049999237060547,702,0.48958558387367657,0.20584325559244637,False,1.2296079717524755
6121.TWO,2026-09-30,377.0,405,0.17238800926327508,0.15825125254649103,False,7.402001144164672
6123.TWO,2026-09-30,43.04999923706055,87,-0.047893284015884,-0.10606076893147033,False,0.3401621407545292
6124.TWO,2026-09-30,27.200000762939453,14,0.36755331998733065,0.30975540191953577,False,0.6486003123209372
6125.TWO,2026-09-30,49.900001525878906,484,0.33614806653747215,0.25093886832809786,False,1.7963102563349125
6126.TWO,2026-09-30,30.899999618530273,287,0.2651465793768269,0.15562707771499865,False,2.2662903720748417
6134.TWO,2026-09-30,29.200000762939453,169,0.4819408984952532,0.44971074598638955,False,0.8800529596114579
6143.TWO,2026-09-30,81.0,184,0.24241506999220444,0.2606997175668487,False,0.9083335103749306
6144.TWO,2026-09-30,12.550000190734863,6,0.23040648548592346,0.28442986536842346,True,-0.05057942177884911
6146.TWO,2026-09-30,181.5,206,0.3297056606695077,0.43717048922232404,False,4.572626909965919
6150.TWO,2026-09-30,63.599998474121094,345,-0.13099435083635783,-0.0771071969179494,False,3.7706428037778466
6151.TWO,2026-09-30,34.75,118,0.4686650806510118,0.5051015139397531,False,0.44865953955088855
6154.TWO,2026-09-30,14.199999809265137,35,0.07860831670648295,0.14058953957963471,False,0.26641249593010663
6156.TWO,2026-09-30,21.850000381469727,745,0.37878392650386933,0.2925571239258061,False,1.6678610924941353
6158.TWO,2026-09-30,17.200000762939453,89,-0.013263768316893026,-0.01204316451237084,False,0.2814844234078677
6160.TWO,2026-09-30,13.899999618530273,61,0.12370141599654658,0.1444099350965512,False,-0.10652905888250075
6167.TWO,2026-09-30,10.300000190734863,200,0.4249067023012602,0.38820150390969527,False,0.22170743634158896
6169.TWO,2026-09-30,12.0,2,-0.20356101013251485,-0.1759331234194798,False,0.043634966074369785
6170.TWO,2026-09-30,48.650001525878906,126,-0.014028078608589255,-0.025141603542702614,False,0.7901069582145794
6171.TWO,2026-09-30,26.75,151,0.138354747299144,0.1240533613876303,False,1.0828463617013462
6180.TWO,2026-09-30,41.400001525878906,233,0.3329528825306076,0.27666309202410044,False,0.9665063627469408
6185.TWO,2026-09-30,12.5,104,0.4688949743643157,0.5020974311711859,False,0.13413000825060983
6186.TWO,2026-09-30,29.149999618530273,294,-0.2710601589009313,-0.26126274643266545,False,-0.048936790799913865
6194.TWO,2026-09-30,29.850000381469727,42,0.1433877142028704,0.17275767109856408,False,0.22338586474284838
6195.TWO,2026-09-30,28.25,10,-0.07711878790456154,-0.14413692694405042,False,0.619176806334437
6198.TWO,2026-09-30,20.049999237060547,1,-0.10903787110696479,-0.12825863023055448,False,0.7428629242401747
6203.TWO,2026-09-30,60.0,89,0.10147365519110273,0.18053014457458674,False,0.527218021487819
6210.TWO,2026-09-30,17.899999618530273,21,0.24820240407035646,0.16466315347179206,False,0.6952655028190478
6219.TWO,2026-09-30,12.199999809265137,84,0.17842755734770727,0.16036459134019634,False,0.2483689491720309
6220.TWO,2026-09-30,25.200000762939453,72,0.033881647437625645,0.07103269806518975,False,0.08041620559946239
6222.TWO,2026-09-30,19.299999237060547,6,0.33773746036792035,0.1772680484656508,False,0.6682349458747012
6229.TWO,2026-09-30,24.200000762939453,128,0.3382473807235872,0.515051433227225,False,0.8822951196876367
6233.TWO,2026-09-30,22.799999237060547,314,0.4892407604125599,0.3089744509716559,False,2.7610263501044763
6242.TWO,2026-09-30,34.04999923706055,6,-0.03912478156651343,-0.073771493484602,False,0.2774323475289151
6246.TWO,2026-09-30,12.850000381469727,26,0.03663842246767096,0.019927771911173058,False,0.2699268513959332
6248.TWO,2026-09-30,17.149999618530273,86,0.21576993224581267,0.4195396703043606,False,0.40134854783822504
6266.TWO,2026-09-30,25.0,154,0.09053014724342806,0.18866234568804607,False,0.2956616016213083
6275.TWO,2026-09-30,47.150001525878906,220,0.41823660158846315,0.22174482074496857,False,2.379346446753104
6276.TWO,2026-09-30,19.299999237060547,10,0.19437538015172523,0.08090458240180681,False,0.033244163568681984
6279.TWO,2026-09-30,112.5,335,0.1850473149476671,0.16575454420316207,False,2.986717447071584
6294.TWO,2026-09-30,28.25,28,0.1905025142032789,0.3400573295746277,False,-0.07117008802849867
6469.TWO,2026-09-30,64.4000015258789,234,0.24744168686908222,0.2830261128058161,False,0.45542246203442005
6470.TWO,2026-09-30,42.70000076293945,33,0.01371976962887763,0.013540634608440221,False,0.8335420371050972
6474.TWO,2026-09-30,35.70000076293945,16,0.2927477562207775,0.40562610256574755,False,0.5876268329879437
6482.TWO,2026-09-30,23.5,4,-0.41126085515824423,-0.32757509767958465,False,-0.14727629544456633
6486.TWO,2026-09-30,80.5999984741211,44,-0.7730816375364482,-0.3515811007133498,False,1.2984074660667915
6492.TWO,2026-09-30,34.349998474121094,194,0.3392988983365387,0.3604628759009939,False,0.7382376527203931
6496.TWO,2026-09-30,23.649999618530273,160,-0.03885264110016084,-0.040485416020572436,False,-0.15654225618111894
6499.TWO,2026-09-30,77.69999694824219,493,0.2820861743928793,0.14324754997178726,False,6.8900366292681525
6506.TWO,2026-09-30,18.600000381469727,52,0.016347575522127424,0.022015810898279666,False,0.6744852412067779
6509.TWO,2026-09-30,49.099998474121094,1814,-0.024696153286733174,-0.02486752801987661,False,3.773695901136776
6512.TWO,2026-09-30,20.25,5,-0.06381735887788817,-0.061085904995110865,False,0.12821490233417165
6516.TWO,2026-09-30,56.5,31,0.25618782107775606,0.2966471038109298,False,0.05361861348371377
6523.TWO,2026-09-30,91.0,112,-0.03266907142715415,-0.08047926180169114,False,1.7172778814701815
6527.TWO,2026-09-30,75.0,37,0.05417439651080811,0.06518724083969915,False,0.9524479704976017
6542.TWO,2026-09-30,40.5,8,-0.5761716159553627,-0.4051394872840107,False,-0.5871369537664748
6546.TWO,2026-09-30,59.400001525878906,220,0.12993127334660767,0.09526644033811979,False,0.9238993258068433
6547.TWO,2026-09-30,62.400001525878906,3723,0.29312317642490954,0.09527093306899188,False,3.9497608092046264
6556.TWO,2026-09-30,62.099998474121094,4,0.20608736025818036,0.3291841182256794,False,1.3471593316509924
6561.TWO,2026-09-30,307.0,102,0.2080180179645525,0.29154039222287376,False,-2.004254756381215
6568.TWO,2026-09-30,142.5,211,0.4361570587127718,0.18968396452404754,False,9.948162676855532
6569.TWO,2026-09-30,92.19999694824219,15,0.28078313477243505,0.3810063751668025,False,1.9001189969699794
6574.TWO,2026-09-30,118.5,29,0.0017318816161169474,0.002129857974472872,False,-0.21891574480605414
6576.TWO,2026-09-30,79.5,57,0.14462619647444896,0.11627447910865343,False,-0.3681529987227634
6577.TWO,2026-09-30,80.0,28,-0.147612674924068,-0.21742285507527406,False,1.247847843087257
6578.TWO,2026-09-30,16.450000762939453,49,0.19475940374004697,0.18106997640546174,False,-0.15798480064472642
6593.TWO,2026-09-30,32.25,14,-0.16274493244228,-0.1706891468877565,False,0.714890688538862
6596.TWO,2026-09-30,97.30000305175781,91,0.35406878597365504,0.5646175823459332,False,3.192489654899319
6597.TWO,2026-09-30,68.69999694824219,6,-0.042080411665230355,-0.036934914836968716,False,0.22280565365343818
6609.TWO,2026-09-30,39.95000076293945,76,0.188554664729687,0.23837005174685863,False,0.9870387242722103
6612.TWO,2026-09-30,72.5,40,-0.02984630039939226,-0.02898019711141957,False,2.411972248568148
6615.TWO,2026-09-30,33.5,4,0.3404332988276284,0.5845074857275269,False,-0.02101103635577317
6624.TWO,2026-09-30,38.25,10,0.22316251078359378,0.12151072791772038,False,0.2538470332198841
6629.TWO,2026-09-30,103.5,4,0.21690192029145858,0.1827598866666513,False,1.2485599649089778
6637.TWO,2026-09-30,53.79999923706055,16,0.00019817231648626993,0.00026067410146675136,False,0.19617848698399598
6649.TWO,2026-09-30,36.5,4,-0.2538186005371588,-0.14651159023767063,False,1.4388076900603082
6692.TWO,2026-09-30,23.850000381469727,8,-0.4467586124948977,-0.26386114996248233,False,0.9110969199146979
6697.TWO,2026-09-30,41.29999923706055,33,-0.15360979599816343,-0.16852910988578837,False,0.7851430039216041
6703.TWO,2026-09-30,100.5,48,0.23527655191469263,0.3652434354889059,False,0.6682105101189535
6712.TWO,2026-09-30,162.0,179,0.11198769386875769,0.12629080428045164,False,7.0891339280653085
6716.TWO,2026-09-30,114.0,201,-0.07724208150208038,-0.025690356541547946,False,0.2778518182922056
6720.TWO,2026-09-30,127.5,12,-0.06695508506357242,-0.07029997355953141,True,-0.11162262753971675
6721.TWO,2026-09-30,50.0,9,0.19001740698030004,0.204386897564956,False,0.2363410281961933
6728.TWO,2026-09-30,109.0,17,0.34066214710795006,0.5445975958245678,False,1.8757890586085466
6730.TWO,2026-09-30,32.0,7,-0.032046442646880766,-0.052602487969254305,False,0.3406459991588875
6732.TWO,2026-09-30,151.5,72,0.18275435705986953,0.18969117580798603,False,5.780382404596452
6741.TWO,2026-09-30,55.099998474121094,295,-0.01719194529342291,-0.019045212583682684,False,-1.1728173666368704
6751.TWO,2026-09-30,44.5,6,-0.11663687762869886,-0.10179912008534447,False,3.644171391932211
6752.TWO,2026-09-30,96.0,10,-0.05404499872185603,-0.046090029968409454,False,0.5688772467536296
6762.TWO,2026-09-30,158.0,4,0.4015530119073262,0.3857868265831986,False,-1.0891716738925368
6763.TWO,2026-09-30,41.29999923706055,118,0.1700532881442684,0.2765185377547736,False,0.5460166866169942
6767.TWO,2026-09-30,24.5,3,-0.4569210355923616,-0.2876318693770305,False,0.2516917605118607
6785.TWO,2026-09-30,95.0999984741211,68,0.440933098253951,0.16052645291163592,False,3.734499576572702
6791.TWO,2026-09-30,99.5,7,0.2205225411706916,0.19490807165559976,False,0.7043786516329504
6803.TWO,2026-09-30,267.0,37,-0.06820986736552714,-0.22332176933142273,False,0.5598980007682712
6804.TWO,2026-09-30,18.350000381469727,53,0.10509614879277844,0.11851681617649587,False,0.31820069732869527
6821.TWO,2026-09-30,42.79999923706055,154,0.4189333055375621,0.23173567619027052,False,2.840055162584008
6823.TWO,2026-09-30,60.79999923706055,90,0.1700117833440926,0.09568706828288237,False,1.989502575280902
6843.TWO,2026-09-30,38.54999923706055,3,0.20926939416615062,0.22352471639205965,False,0.5755165902720591
6844.TWO,2026-09-30,57.5,14,0.021879101241571337,0.032573247424869146,False,0.5283870281929666
6846.TWO,2026-09-30,58.5,6,0.2569710690330939,0.18253937194307407,False,0.6943205301399473
6856.TWO,2026-09-30,42.0,13,0.15883795311395232,0.2389456765649566,False,0.8561288667587235
6859.TWO,2026-09-30,120.5,21,0.0014411151084742972,0.000608803524389081,False,7.993909423841302
6874.TWO,2026-09-30,69.80000305175781,20,0.0834432912245845,0.07420858557133357,False,1.7951671743923612
6875.TWO,2026-09-30,31.350000381469727,183,0.4756940447845453,0.17407241250266559,False,-0.04466311524300437
6881.TWO,2026-09-30,214.5,4,0.08422028240085831,0.15234060639393468,False,2.2224202899454895
6899.TWO,2026-09-30,49.79999923706055,11,0.26297789206779054,0.3431444195924732,False,0.5503435634004887
6904.TWO,2026-09-30,123.0,1,-0.0003366909745706836,-0.0003541373296545463,False,2.9468534408244693
6910.TWO,2026-09-30,26.950000762939453,16,0.3029038723028372,0.23624736643447283,False,2.3858784528492194
6961.TWO,2026-09-30,48.099998474121094,31,-0.02622136017858718,-0.05328732619218316,False,0.5869295454355452
6968.TWO,2026-09-30,41.45000076293945,21,-0.04437630655983123,-0.22826008688988594,False,-0.03550241628361306
6971.TWO,2026-09-30,23.5,6,0.047603478325870585,0.06351317950774807,False,-0.3058794160017122
6982.TWO,2026-09-30,44.099998474121094,22,-0.005183354652788086,-0.005129935333789458,False,0.9508228996926533
6983.TWO,2026-09-30,348.0,43,0.2516330286538189,0.18036537147539708,False,2.7966008124057
6997.TWO,2026-09-30,67.0,2,0.19447375703684328,0.1608583490982749,False,0.19305976813836878
7584.TWO,2026-09-30,28.700000762939453,6,-0.6202241588790447,-0.23491432821183353,False,2.438161127693782
7704.TWO,2026-09-30,61.400001525878906,73,0.3559844527138051,0.3174346379788971,False,1.1823381878079644
7708.TWO,2026-09-30,92.19999694824219,10,0.020605195776045367,0.09011655471667797,False,0.5195942633378934
7713.TWO,2026-09-30,74.30000305175781,5,0.07522307638429637,0.10267862774571247,False,0.8910376519644103
7715.TWO,2026-09-30,28.399999618530273,142,0.3936456916047434,0.2931458646772161,False,0.9010900251809062
7716.TWO,2026-09-30,23.899999618530273,1,0.05897850919680934,0.07190275917108274,False,0.5322944697556622
7718.TWO,2026-09-30,45.79999923706055,38,-0.15251157252720862,-0.2110912903138217,False,0.08590435048016332
7723.TWO,2026-09-30,18.399999618530273,44,0.2013617127613471,0.15402201730215612,False,0.0792283304975463
7738.TWO,2026-09-30,155.5,15,0.15603023692516824,0.13847564017660097,False,-1.3243317317531762
7747.TWO,2026-09-30,111.5,1,0.09993495540570112,0.12872385016449445,True,-0.398804477421308
7753.TWO,2026-09-30,35.599998474121094,18,0.1716367650002429,0.27159319112857383,False,0.10134613792361336
7767.TWO,2026-09-30,46.29999923706055,2,-0.17892520257099476,-0.20020789262260907,False,1.485351468671837
7782.TWO,2026-09-30,25.25,3,-0.055170566024592756,-0.05782007324715071,False,0.03783100621461699
7805.TWO,2026-09-30,494.0,30,0.38204184385174494,0.28771051643864204,False,0.5708950295550039
7810.TWO,2026-09-30,235.0,205,0.3574005259666573,0.1641247687745473,False,20.25473521730214
7811.TWO,2026-09-30,73.5,1,0.2541915737979444,0.526901442596829,False,1.084192714196064
7814.TWO,2026-09-30,28.25,17,-0.10094797986876038,-0.09395744559666339,False,0.05248820139876642
7819.TWO,2026-09-30,33.70000076293945,50,-0.6567035192885857,-0.48805866330748504,False,-0.07603879580045003
7839.TWO,2026-09-30,43.20000076293945,9,0.06618292045547382,0.04795193516929637,False,0.35875925917467555
7842.TWO,2026-09-30,98.30000305175781,14,0.1799330779836642,0.158908019017324,False,1.441328521220015
8024.TWO,2026-09-30,12.550000190734863,85,0.07943394649863253,0.07823017574590058,True,-0.04571157213671029
8038.TWO,2026-09-30,34.599998474121094,391,0.1695718498239536,0.059066104375782434,False,4.215696386856472
8044.TWO,2026-09-30,24.299999237060547,196,0.13993287224704437,0.09684740145912174,False,0.9111238437298823
8049.TWO,2026-09-30,24.600000381469727,118,0.058880923168370874,0.1641707980620991,False,0.21916528194585183
8066.TWO,2026-09-30,15.149999618530273,8,0.06158422491035439,0.039198746860109296,False,0.8215569874417916
8067.TWO,2026-09-30,12.350000381469727,8,-0.32230645383361983,-0.13708900372418456,False,0.7736014788082368
8076.TWO,2026-09-30,21.799999237060547,523,0.43929997683222266,0.43012668674308896,False,0.5233111860183186
8077.TWO,2026-09-30,42.150001525878906,10,0.1815388136348625,0.12437047168862843,False,-0.24761244342241895
8080.TWO,2026-09-30,27.799999237060547,11,-0.05582331887303071,-0.0541598487771467,True,-0.3389293996740186
8083.TWO,2026-09-30,156.0,48,0.09989894065491171,0.23329778990719593,False,0.3058572501980166
8092.TWO,2026-09-30,12.600000381469727,29,0.18659148273466813,0.2297715061442959,False,-0.035233595050554456
8097.TWO,2026-09-30,48.5,112,0.17623634891808174,0.2941512442410054,False,0.28115951807885864
8099.TWO,2026-09-30,59.599998474121094,46,0.08893400967238087,0.08438095212352344,False,1.244017840467727
8107.TWO,2026-09-30,12.0,70,0.12109092055542207,0.21215831783546044,True,-0.08254233241767217
8109.TWO,2026-09-30,135.0,193,0.272900661465878,0.17655187073297784,False,7.482708713407334
8171.TWO,2026-09-30,20.799999237060547,196,0.4608966010898815,0.4339268976590494,False,1.2470646057983785
8272.TWO,2026-09-30,64.5,4,0.10322897484419868,0.05497573030630935,False,1.2577442317364742
8279.TWO,2026-09-30,78.0,10,-0.252674270643396,-0.4310238928128383,False,-0.07103042190047404
8284.TWO,2026-09-30,68.0,56,-0.2621966271088953,-0.36781372047171407,False,1.916059673655127
8342.TWO,2026-09-30,83.5,1,0.12927618322682272,0.10848707667405515,False,1.0358523625605471
8349.TWO,2026-09-30,40.400001525878906,155,0.06994524595043412,0.07580723341198375,False,2.488806633234873
8354.TWO,2026-09-30,16.899999618530273,20,-0.06667791108676185,-0.058917781520094005,False,0.05682908556133981
8390.TWO,2026-09-30,90.4000015258789,181,0.3976903389865054,0.29351724984652683,False,1.0794445736245848
8401.TWO,2026-09-30,22.75,12,-0.024103011971177493,-0.06037819737507749,False,0.1252105536122201
8403.TWO,2026-09-30,18.950000762939453,139,0.01812678284012629,0.05055309886760046,False,0.06340991693322096
8409.TWO,2026-09-30,18.0,6,0.3636818765147704,0.5587751334243672,False,0.009798917003632113
8410.TWO,2026-09-30,27.799999237060547,27,-0.17005509364414917,-0.15505701046236953,False,-0.42794207611091295
8415.TWO,2026-09-30,35.20000076293945,495,0.3794049324554826,0.4065658776357235,False,0.7215615590610795
8416.TWO,2026-09-30,169.0,1,0.11490107079297134,0.2594951014055829,False,0.410491242926156
8421.TWO,2026-09-30,12.949999809265137,64,-0.2469670012668297,-0.15419874499879532,False,0.39022054282132146
8423.TWO,2026-09-30,18.200000762939453,11,-0.020346808991442835,-0.04406475492379668,False,0.8189684994744084
8424.TWO,2026-09-30,70.69999694824219,15,0.030653943105711085,0.04370662070432336,False,2.403122945237385
8426.TWO,2026-09-30,20.649999618530273,50,0.18464240404361681,0.2718907087279491,False,0.1920520171700737
8432.TWO,2026-09-30,50.70000076293945,54,0.09588817166272805,0.1676210987951984,False,0.6851172387994211
8433.TWO,2026-09-30,52.79999923706055,6,0.07675568609866477,0.2185818632158736,False,0.06231911504956145
8435.TWO,2026-09-30,53.400001525878906,46,0.06671520284717485,0.15323150554813642,False,0.5398946288669819
8436.TWO,2026-09-30,106.5,319,-0.09131601815175643,-0.081039029754684,False,3.4072414278839176
8440.TWO,2026-09-30,20.350000381469727,80,0.008238233462766226,0.0087208259597826,False,0.9070619788234353
8446.TWO,2026-09-30,84.80000305175781,50,-0.01675199152332075,-0.038432376471060264,False,0.4102247845502518
8450.TWO,2026-09-30,14.300000190734863,28,-0.05480604732562275,-0.07919600415913426,False,0.1314744465861004
8455.TWO,2026-09-30,22.100000381469727,5,-0.2427140600251893,-0.12293908796776415,False,-0.038452003724934514
8477.TWO,2026-09-30,14.100000381469727,13,0.06384799505909776,0.055651509698089095,True,-0.3407761767785207
8489.TWO,2026-09-30,22.450000762939453,39,0.2471425455728531,0.11944066049445727,False,0.9546363185727564
8905.TWO,2026-09-30,34.650001525878906,4,0.23302308208766803,0.22965164921792536,False,0.38863789041536734
8906.TWO,2026-09-30,28.600000381469727,15,0.13604593277452945,0.1261067745699016,False,0.18828851395198853
8908.TWO,2026-09-30,40.349998474121094,13,0.019027988589128544,0.03506636126609373,False,0.4454458476934917
8916.TWO,2026-09-30,41.04999923706055,28,0.008978434440444565,0.020849852984554433,False,0.252511572667828
8917.TWO,2026-09-30,53.70000076293945,4,0.424809928669542,0.33177112314765284,False,1.6181022058491763
8921.TWO,2026-09-30,16.799999237060547,2,0.007488488679731823,0.0050743786853248325,False,0.556900758504387
8923.TWO,2026-09-30,18.0,1,-0.0916622246535137,-0.06314680759006873,False,-0.20348806418665433
8924.TWO,2026-09-30,49.45000076293945,29,0.26623422562060073,0.398406856231022,False,-0.023930886469052837
8927.TWO,2026-09-30,18.75,123,-0.1549142126433692,-0.11472212452022905,False,0.08927360721908428
8928.TWO,2026-09-30,22.950000762939453,9,0.33311628029551166,0.21895024147173062,False,0.2931884815147008
8929.TWO,2026-09-30,13.199999809265137,27,-0.12130240173522576,-0.16013451744091367,False,0.3232502549255667
8930.TWO,2026-09-30,28.75,38,-0.15693676911046872,-0.2310394187478792,False,0.10890989734726375
8931.TWO,2026-09-30,43.25,244,-0.1983152344404495,-0.1851797223261487,False,2.310709615630415
8935.TWO,2026-09-30,19.649999618530273,602,-0.22588452299161152,-0.10192523930208962,False,2.4291018195323453
8936.TWO,2026-09-30,52.599998474121094,1077,0.18929681627956615,0.25780373182875543,False,2.2284974768481334
8938.TWO,2026-09-30,52.599998474121094,34,0.007074486684995856,0.004742097899376441,False,1.5145965520287845
8941.TWO,2026-09-30,43.79999923706055,5,0.02497954374721751,0.029262229833109634,False,0.1574204095013556
8942.TWO,2026-09-30,40.20000076293945,146,-0.018325763503265584,-0.02556289853109316,True,-0.2157112175337801
9949.TWO,2026-09-30,24.299999237060547,68,-0.2724034169091201,-0.4028804308561754,False,0.39445887645929645
9950.TWO,2026-09-30,10.199999809265137,23,0.06494193096484291,0.11573719381541674,False,0.0016398306900740067
9951.TWO,2026-09-30,47.0,75,0.25884268132544425,0.4615047102889961,False,-0.45845023563695264
9962.TWO,2026-09-30,10.350000381469727,95,0.13854609294713674,0.18509873642315708,False,0.41742217977631846
