ticker,price,volume,beta,rho,buy_signal,bb_dist
1101.TW,23.5,38758,0.28818627559460386,0.4289868983872951,False,0.9412651665402088
1102.TW,33.25,30682,0.06483530576449054,0.09706436602943228,False,1.1241649624134382
1103.TW,13.600000381469727,343,0.164095344695845,0.39566053531607964,False,0.32688329393526594
1104.TW,26.600000381469727,502,0.12123481580814006,0.3042269946161274,False,0.167770026389924
1108.TW,12.25,998,0.33817448086762786,0.6818129647417742,False,-0.1477798557900769
1109.TW,13.800000190734863,325,0.05331703401900564,0.1898279092092268,False,0.2732295695939193
1110.TW,15.699999809265137,344,0.42451557338749296,0.5828017625549486,False,1.033949624693566
1201.TW,12.600000381469727,703,0.20465531449610022,0.4174927929010482,False,0.4163607293994094
1203.TW,45.95000076293945,38,-0.08932118221101061,-0.1647537917664247,False,4.180531699954997
1210.TW,57.900001525878906,3312,0.20043471742404914,0.3365292883662457,False,3.999581298634311
1215.TW,110.5,1910,0.14183673223173657,0.2561386045024721,False,0.6174000207773105
1216.TW,80.0,30644,-0.10081001476446319,-0.212644088547201,False,6.987250850107287
1219.TW,12.149999618530273,717,0.2538403820325551,0.44052664848408984,False,0.23550078484159265
1220.TW,11.350000381469727,60,0.051839425601843715,0.12946995626409114,False,0.23116711431445403
1227.TW,29.950000762939453,1186,0.19057705055604265,0.3815448093609882,False,1.2514541772469734
1229.TW,40.849998474121094,3033,0.22088206223938162,0.3674497664479805,False,1.908174588635596
1231.TW,90.5999984741211,858,0.2182199455437265,0.33051091772836816,False,5.628686154398096
1233.TW,28.450000762939453,53,-0.030491638149094828,-0.08133098225371985,False,0.7012490372230253
1234.TW,33.650001525878906,128,0.03594497121647212,0.15950245517319742,False,0.7053585155152504
1235.TW,36.75,42,0.20366671656335758,0.25953526993471726,False,1.2807436046216267
1236.TW,23.549999237060547,192,-0.0814177745755892,-0.11526434929384487,False,0.4946232986822423
1307.TW,32.04999923706055,995,0.16789262770143165,0.21737931113506684,False,0.5608740360566173
1315.TW,63.79999923706055,29,0.24116502198802975,0.5824893614220958,False,2.4563496293122427
1316.TW,10.050000190734863,2920,0.321651487135956,0.34788792920817496,False,0.062335333038477714
1319.TW,73.5999984741211,2510,-0.04750536052380434,-0.0375276909520547,False,1.325635208314523
1321.TW,31.75,124,0.17174615885068656,0.2723250321148774,False,1.2871341921164152
1323.TW,20.200000762939453,50,0.1992789489696809,0.35638610889512373,False,0.7935990883134991
1324.TW,10.199999809265137,193,0.2825088727219445,0.5231825041793664,False,0.044284622797588824
1325.TW,25.100000381469727,357,0.39629827193665323,0.4393873843814423,False,1.4634899547828795
1338.TW,16.25,110,0.26883557136769737,0.3133183483808581,False,0.3255122787669258
1339.TW,43.400001525878906,97,0.2372389877460481,0.47848432379725303,False,0.4169399384369967
1341.TW,58.599998474121094,14,0.14878552707894804,0.206823080461832,False,2.0974449852607293
1342.TW,115.0,580,0.11039195179379711,0.1061787398421273,False,6.6356246027932855
1402.TW,27.700000762939453,22963,0.13954566202477364,0.17086075295227462,False,1.8555718779158425
1410.TW,26.600000381469727,113,0.06753453260203686,0.07075571717124075,False,2.745320557820204
1416.TW,11.100000381469727,755,-0.0010659534871315852,-0.002614172175071645,False,0.4038892797186264
1418.TW,18.350000381469727,12,-0.0878691888803288,-0.10663202098264775,False,0.909444558076018
1419.TW,66.0999984741211,174,0.18353531526937325,0.2923610026554617,False,1.599667724244128
1423.TW,37.0,27,-0.09408996900092478,-0.15229060232609137,False,1.0128249401207938
1432.TW,14.949999809265137,530,0.36459874510456364,0.7701834263886123,False,0.1779936783159073
1436.TW,44.95000076293945,662,0.2097662225820073,0.3408669320496702,False,0.6079238702278644
1437.TW,30.649999618530273,154,0.13902431974059598,0.3077341327026187,False,1.014855474774894
1438.TW,20.950000762939453,70,0.01584099014008203,0.01319200366538602,False,0.3171099257869763
1439.TW,25.549999237060547,253,0.33515511781900675,0.2690302247640243,False,2.606168291919385
1440.TW,12.949999809265137,2950,0.4617138853720028,0.42894268922052525,False,0.5665846945727395
1442.TW,29.549999237060547,793,0.06169018071069984,0.10860662029659118,False,3.1497603241665075
1443.TW,27.049999237060547,36,0.22720302861574568,0.3271880241843751,False,1.4950029063142978
1451.TW,17.25,190,0.13560845055490875,0.3082803917265183,False,0.49613023349192886
1453.TW,11.100000381469727,62,0.209646333772573,0.3672824131173835,False,0.1664100713668173
1454.TW,12.550000190734863,61,0.37070088577264504,0.6764392378857597,False,-0.004889736591476179
1456.TW,14.0,102,0.19417632792076445,0.20359820002328893,False,0.863115457338921
1457.TW,14.25,65,0.17812493119187225,0.31524946815202554,False,0.34986829732118885
1459.TW,11.699999809265137,84,0.1428337583923212,0.27759918302855247,False,0.24912142544094884
1463.TW,17.649999618530273,107,0.014429869816876684,0.0354547254516174,False,0.463345987870202
1464.TW,10.600000381469727,730,0.2923208700217426,0.4097391257428456,False,0.6672951313745035
1465.TW,12.899999618530273,90,0.046844775461108185,0.05046273663288112,False,0.7433003428235772
1470.TW,23.100000381469727,34,0.22668783863292216,0.22591037266388983,False,2.8061259121768067
1472.TW,88.69999694824219,192,0.04174912678162488,0.04613016542342851,False,6.225051997651178
1473.TW,20.0,57,0.08165678059247042,0.15973136097678897,False,0.4991363140595517
1474.TW,10.449999809265137,95,0.1175585348448906,0.09654280899627157,False,0.6639983761174424
1475.TW,27.299999237060547,9,0.05258374433147693,0.0988131538612888,False,0.5472721540494554
1476.TW,333.5,1961,-0.22774174621644874,-0.20807906101754323,False,28.556285635142615
1477.TW,216.0,2046,0.12440135761002877,0.13547675220976266,False,4.661046530287393
1506.TW,11.25,1181,-0.23787086299911986,-0.2531545205228967,False,1.60291835538548
1521.TW,25.600000381469727,35,0.22447604836554988,0.4495468342933584,False,0.4992471810066661
1522.TW,28.950000762939453,789,0.24808401076900008,0.37245684778205856,False,0.5804575256902069
1524.TW,26.600000381469727,709,0.37591021936036734,0.570106015014061,False,-0.3163320861547838
1525.TW,68.0,33,0.29493071681580524,0.29728709102811723,False,6.193074434210018
1527.TW,33.54999923706055,203,0.17325340666072486,0.39033207287266974,False,0.6907819314835209
1530.TW,29.600000381469727,50,0.2017982102689653,0.2471926884469219,False,1.585260071582777
1531.TW,12.899999618530273,196,0.15051775193568168,0.5082388432374115,False,0.16260520242482635
1532.TW,23.100000381469727,593,0.20557407297672148,0.33488873769778443,False,0.6723899711004613
1533.TW,32.95000076293945,191,0.4039427949513785,0.4022158133617519,False,-0.5056289874659612
1535.TW,50.0,107,0.10868827773153322,0.3877040907431655,False,0.3821494146836599
1537.TW,125.0,316,0.17524226239918606,0.6174563229127082,False,0.257103388478626
1539.TW,16.299999237060547,338,0.4412775428575281,0.4833664050859144,False,1.0996665539853812
1540.TW,21.649999618530273,820,0.4434303796954381,0.5296973733954192,False,0.49148748258804176
1541.TW,22.0,9,0.28974994206451776,0.4149733688926848,False,1.0077881497433872
1558.TW,93.0999984741211,105,0.18819277141693927,0.5711374537067946,False,3.676926687239714
1583.TW,49.29999923706055,49,0.41525996797475595,0.5113313677820678,False,1.37170034417408
1598.TW,19.850000381469727,340,0.3200213406444841,0.452965705411752,False,1.3985237973278366
1603.TW,28.549999237060547,562,0.45160563666686254,0.6993201865386206,False,-0.08949499816851514
1604.TW,23.299999237060547,699,0.1300404952827751,0.37078492945273206,False,0.29451376753520364
1614.TW,31.399999618530273,97,0.08932917940144494,0.23375909429661437,False,0.8550910426099492
1615.TW,47.29999923706055,282,0.10483025541536058,0.2512875472636211,False,3.727345903343334
1616.TW,19.799999237060547,1067,0.47215826422673,0.5367956576890078,False,-0.06573089626876083
1702.TW,33.900001525878906,550,0.09031589899844165,0.13325689706231292,False,3.3904232893182744
1707.TW,90.9000015258789,434,0.12489388751768499,0.24505092227073952,False,2.7671546188453675
1712.TW,39.5,529,0.03417743880760697,0.11406167981593587,False,0.7706337683107094
1713.TW,47.400001525878906,205,0.16280812490689386,0.36161370216545885,False,0.4631846249107383
1720.TW,63.5,301,0.17285302436645306,0.6169363231100706,False,1.0118509906380595
1722.TW,47.099998474121094,1936,0.1686699772489446,0.3846474545377459,False,0.26443592319512277
1723.TW,88.19999694824219,1944,0.23023408192674236,0.22501866916536564,False,10.240441250800416
1726.TW,80.5,225,-0.08554556068580403,-0.34797580341541745,False,2.9776954745144906
1730.TW,51.400001525878906,30,0.06287717893503365,0.24577076080559665,False,1.285688357655033
1731.TW,20.549999237060547,219,0.10452073497920035,0.476242912789064,False,0.10482957711036889
1732.TW,26.350000381469727,442,0.12504539371392137,0.23976593119421116,False,0.5492831225322945
1733.TW,31.149999618530273,220,0.3006091124716883,0.5222934315327626,False,2.6741344116392227
1734.TW,32.25,459,0.150037744144524,0.33956484233674344,False,0.5730846530481912
1737.TW,31.850000381469727,139,0.07279720598009325,0.4779482306977557,False,0.1379985058579969
1752.TW,31.549999237060547,113,0.18299102407469403,0.4460270033462519,False,0.7226711012895564
1760.TW,60.0,298,0.33761222645516387,0.3869159749268869,False,1.5879326080084226
1762.TW,35.150001525878906,407,0.49361117948874716,0.3624465791914764,False,0.15882500373695052
1783.TW,40.150001525878906,178,0.25191425573771253,0.49023195494982635,False,2.3228977293288935
1786.TW,51.20000076293945,370,0.18369291620218361,0.17126189246070314,False,0.035103050052434526
1795.TW,188.0,1905,0.41626826128545885,0.366589555402547,False,6.537239802287104
1805.TW,10.199999809265137,161,0.04346762640847574,0.12738808267195048,False,0.2503502687534471
1808.TW,32.20000076293945,2501,-0.09232724055780057,-0.08536245305589016,False,3.0415787649687367
1817.TW,38.599998474121094,27,0.09622246485420524,0.3791595229378612,False,0.7904433951708327
1903.TW,48.650001525878906,149,0.23199427018255672,0.3877278259001253,False,2.4141792547138294
1906.TW,10.949999809265137,104,0.20884565424532753,0.34195301664873884,False,0.03990260146570179
1907.TW,28.149999618530273,1864,0.1267924964834243,0.13197360184257856,False,2.944697854065904
2002.TW,18.649999618530273,49524,0.17168178925543984,0.3146678918064771,False,0.42028101752504554
2006.TW,70.19999694824219,2331,0.15832970351194744,0.24640742918209324,False,2.7859168275945905
2008.TW,31.049999237060547,65,0.32724246680092306,0.43767101052216334,False,2.779566502441952
2009.TW,37.0,1251,0.4078216722444399,0.6188311886811468,False,-0.1497639000925446
2010.TW,20.899999618530273,1381,0.228852735535746,0.41951464686690004,False,0.20985204637364774
2013.TW,40.5,143,0.08094136141153857,0.26157543847370435,False,0.029448645573516785
2014.TW,17.049999237060547,5980,0.3536334427115306,0.5169070126247356,False,0.2472843153932338
2015.TW,63.70000076293945,363,0.14258237482651817,0.3018078512419726,False,4.191321952004657
2020.TW,21.200000762939453,534,0.17466649726940253,0.5456416808513853,False,0.03655593111307809
2023.TW,13.600000381469727,1787,-0.01862401936534736,-0.03370528052286376,False,0.26350072118868795
2024.TW,14.0,10,0.06399872755400454,0.10097076221292257,False,0.46919562905330814
2027.TW,40.650001525878906,15706,0.2682376833030252,0.2986490905234929,False,3.1534882870112284
2028.TW,15.449999809265137,196,0.30195118229251966,0.515096848941553,False,0.0911562638392045
2029.TW,20.450000762939453,296,0.17786007958421385,0.5260592681407863,False,0.545882388911302
2031.TW,39.349998474121094,889,0.24751260325401486,0.40400875756141313,False,1.9398928823230293
2032.TW,15.800000190734863,435,0.423517959058445,0.4727193191614982,False,0.23452833931279393
2034.TW,19.600000381469727,1997,0.29315767590085823,0.48035296203578,False,0.770250685206264
2038.TW,12.649999618530273,1042,0.38392852247007875,0.5949988411538925,False,-0.028186712572264128
2062.TW,18.799999237060547,396,0.3344632514337495,0.6606825639953812,False,0.03228133637879793
2069.TW,18.649999618530273,496,0.25847386973635694,0.3828020471898545,False,0.8582636871907283
2102.TW,18.5,258,0.2641295102905592,0.4704199538790294,False,0.8297329287352682
2106.TW,18.100000381469727,1648,0.17678898115238825,0.26905235626057783,False,1.5942605986727187
2107.TW,25.700000762939453,397,0.257167459455442,0.6639250231622387,False,0.34901448234957044
2108.TW,27.75,962,0.4028821236118257,0.42797455730920114,False,0.8807588197761191
2109.TW,14.600000381469727,107,0.12538083639471928,0.39716770915957567,False,0.20454502606725988
2114.TW,87.80000305175781,189,0.2245964732861397,0.682957973018214,True,-0.1071175494594172
2115.TW,21.700000762939453,139,0.11473913249596636,0.2986163783959181,False,1.7206447678081105
2201.TW,28.799999237060547,4402,0.05101141512188304,0.06361435816435121,False,2.3621116901126733
2204.TW,56.20000076293945,1312,0.23558058473526836,0.43669005590689886,False,1.6727040141738598
2206.TW,63.5,1238,-0.04895849378502089,-0.09446142854357788,False,3.5504070862872936
2207.TW,486.0,779,0.14278711120487975,0.19485915723070088,False,22.93265333845494
2211.TW,94.19999694824219,1369,0.1623913954178643,0.4485620976386171,False,0.9055814410279339
2227.TW,50.099998474121094,86,0.1288489616242213,0.31233168582747983,False,1.3728710952091205
2228.TW,78.30000305175781,197,0.489450120642652,0.6642983147746454,False,-0.2195963438764892
2247.TW,224.0,89,0.2504686510288343,0.3774848566287742,False,4.050430112297164
2324.TW,36.0,100200,0.22680719566470944,0.2125423093133231,False,2.0973989606149956
2347.TW,85.30000305175781,9131,0.46119956867932843,0.45474404928267714,False,2.9772004001075203
2353.TW,29.600000381469727,37309,0.49152532119626335,0.47637898175193716,False,-0.3749230144086937
2362.TW,40.400001525878906,1217,0.4429174492780479,0.3642256606033965,False,0.4583204924536659
2373.TW,54.29999923706055,55,0.05966106697880056,0.19915327409761693,False,0.887785956536689
2387.TW,38.099998474121094,774,0.44208940756381204,0.6238953648490942,False,0.44718785897374147
2412.TW,138.0,37477,-0.072536000684332,-0.20369579308322658,False,6.00471977382486
2414.TW,60.0,478,0.4822388977040715,0.4790771169784532,False,1.8974090838457585
2430.TW,18.0,132,0.06509557697702323,0.2835026127471135,False,0.16836390429626746
2433.TW,41.79999923706055,79,0.09130030288461473,0.29724963359703455,False,0.2560543900693091
2439.TW,82.0999984741211,2195,0.44554094027599306,0.6699448858553549,False,-1.777895820539925
2442.TW,19.149999618530273,1818,0.25676682106605747,0.5026981595323978,False,0.1989175722656995
2450.TW,28.649999618530273,166,0.0714896179037088,0.2905654075292557,False,0.0312250186404448
2453.TW,51.099998474121094,714,0.4509244487763422,0.6172112659539752,False,-0.5877410915728021
2459.TW,65.30000305175781,350,0.36654712195741235,0.5831958179608937,False,2.817995314056631
2471.TW,51.79999923706055,289,0.3369652506727388,0.6451666897577865,False,0.25435093492784233
2474.TW,186.5,4956,0.24991893004643953,0.3097060892867103,False,0.040937770196620704
2480.TW,156.5,245,0.3997591592536941,0.4167914312818806,False,8.118365455720948
2488.TW,49.099998474121094,172,0.21592031294557837,0.33979009358956525,False,1.198084046814067
2496.TW,60.5,31,0.2509188563023589,0.5072247308063064,False,0.7022383630440459
2501.TW,22.399999618530273,2891,0.13622108988525275,0.1201556591981547,False,0.4623750477992665
2504.TW,31.799999237060547,4125,0.0984610793381421,0.1377953295719204,False,1.1204985995263037
2505.TW,17.600000381469727,269,0.27520663838176446,0.48095466656667024,False,0.09232579243962391
2509.TW,13.199999809265137,196,0.2390379509963461,0.2596288774419187,False,0.2546780245849085
2514.TW,12.850000381469727,176,0.2861324119485034,0.5270894434490152,False,0.2772105530461211
2516.TW,13.899999618530273,224,-0.24293049517879742,-0.26337375311554206,False,0.48407467397227144
2520.TW,35.70000076293945,3173,0.004306429531965063,0.004734880525803845,False,2.2302066107244727
2524.TW,37.20000076293945,131,0.24711620892883415,0.2037179283937818,False,2.8101123701933446
2528.TW,22.049999237060547,321,0.23552795730937995,0.21778257616422605,False,1.3682480361770786
2530.TW,19.5,823,0.06087408532774801,0.052277620263945675,False,0.9942231457039767
2534.TW,17.049999237060547,588,0.3091934715032481,0.40267651130816057,False,0.8697168168854859
2535.TW,86.5,439,0.1354098970644526,0.19812213334092285,False,1.82102751785024
2536.TW,19.450000762939453,2420,0.09774933371656452,0.11043386084167281,False,0.5668068778240958
2537.TW,10.949999809265137,1172,0.09516934219422242,0.08582625226460522,False,0.24863036554115503
2539.TW,40.79999923706055,1750,0.055060210264513805,0.06718579716219651,False,2.947245207618373
2540.TW,53.5,705,0.15512781426891595,0.26088226973388146,False,1.0184914999832273
2542.TW,43.29999923706055,13168,-0.16442843243165353,-0.22747878573576,False,1.0770771840343514
2545.TW,34.29999923706055,373,0.25149815195759484,0.4407703169938342,False,0.21443740360247432
2546.TW,96.0999984741211,311,0.017715510751077343,0.031078099642188693,False,4.964492610807227
2547.TW,10.300000190734863,5323,0.09203734194942623,0.14608497674234805,False,0.34825911726565906
2548.TW,101.0,1975,0.054481692948527866,0.07797478185365472,False,1.5579886753987608
2597.TW,164.5,355,0.32584702998084353,0.37507300455170295,False,3.6629809314225668
2603.TW,198.0,16738,0.4398772532225276,0.4685266764053357,False,18.384773559603275
2607.TW,46.099998474121094,437,0.39778501336846966,0.6853108150302709,False,0.6897650896571932
2608.TW,29.399999618530273,396,0.07954218106191174,0.3070938252044212,False,0.7501087859941222
2610.TW,20.75,37824,0.244120709986654,0.20044708727046123,False,0.8074378912626159
2611.TW,14.0,415,0.2715113881238361,0.3863628017990619,False,0.7267400084486617
2613.TW,21.0,289,0.36438301698380954,0.5572910333690639,False,-0.06749867678003696
2614.TW,18.0,617,0.3694809235541658,0.6302577198639083,False,0.049330056966965685
2615.TW,79.5,8187,0.3809312246771547,0.4078326096767002,False,6.130152498701079
2616.TW,13.600000381469727,287,0.13857531896150593,0.3279172231311387,False,0.2934677347739072
2617.TW,28.450000762939453,896,0.3352337987861707,0.6462714097599196,False,0.6620730396526042
2618.TW,41.20000076293945,37695,0.17891027264735063,0.21200975801783828,False,1.9269081177315215
2633.TW,25.950000762939453,6427,0.14268784173523816,0.3434699979138541,False,1.3652721456488806
2636.TW,62.5,659,0.4325861578428816,0.7838486232433531,False,-0.31224725117869667
2642.TW,20.100000381469727,98,0.3989765601156601,0.6686162111067339,False,-0.19709990371188013
2646.TW,21.200000762939453,6437,0.1571297680922885,0.27435746129241795,False,0.42403036614391
2701.TW,10.850000381469727,153,0.05924172912601511,0.19587450229601833,False,0.37368133101742096
2702.TW,13.0,52,0.26603266849517454,0.29644668975309446,False,0.7388664567414018
2704.TW,45.54999923706055,92,0.19396094884097861,0.3353156205829112,False,1.8108543427550217
2705.TW,16.200000762939453,224,0.06099482724610815,0.12285472125765902,False,0.2293645412241201
2706.TW,12.75,333,0.07884978908791115,0.3564509700559458,False,0.3737461428578861
2707.TW,178.5,158,0.04483120906823246,0.15843818154614425,False,0.8521478925557062
2712.TW,14.350000381469727,52,0.295430262089063,0.4228928884774439,False,-0.14162535140434862
2722.TW,22.149999618530273,131,0.12122764169856363,0.263368389601579,False,-0.17646334614958548
2723.TW,63.0,382,0.09952235704727203,0.14985565552054425,False,-0.8511298306706081
2727.TW,218.5,844,-0.02975945254449149,-0.06360912572702584,False,3.335889793176591
2731.TW,143.0,522,0.33076322786504647,0.7291279318540792,False,0.21075985398067587
2739.TW,34.0,136,0.3798855539041628,0.5161558392335509,False,0.48716611773767937
2748.TW,39.599998474121094,259,0.2755163689292539,0.6169649276692372,False,0.44781934315727057
2753.TW,175.0,303,0.25084327945730667,0.6119442199488219,False,0.8575494084220736
2762.TW,83.9000015258789,60,0.49024393550122997,0.649137994946624,False,3.6766916769326627
2801.TW,23.899999618530273,26034,0.14972501765396068,0.2818158828033627,False,1.0210323803746668
2812.TW,20.549999237060547,31072,-0.09813308815497183,-0.24076749084574572,False,0.9532233235001115
2816.TW,33.650001525878906,389,0.47421277693523467,0.7008169387902726,False,0.7719864351997856
2820.TW,16.450000762939453,4243,0.05572163876052434,0.1494512759932623,False,0.008073322286609397
2832.TW,56.400001525878906,222,0.32059162149422843,0.554504422325623,False,1.062894189464565
2834.TW,18.049999237060547,36259,0.059297200516575596,0.13339192837883798,False,0.593405682138961
2836.TW,12.600000381469727,2946,0.07121504117804173,0.20864679252864057,False,0.5143291035094819
2838.TW,20.5,3916,0.14117853631033922,0.16869077830001059,False,0.5514760063889739
2845.TW,13.399999618530273,12307,0.08252661552876399,0.16901840939115367,False,0.5840918962317829
2849.TW,14.949999809265137,304,-0.017530614266976843,-0.02911136859839907,False,1.4328413054477558
2850.TW,145.0,323,0.3784238701383333,0.5909571378014231,False,6.114081512541645
2851.TW,36.0,2183,0.4643917330175902,0.4342626369273468,False,1.3556973680207207
2852.TW,26.5,413,0.2289398180096354,0.5552648649653894,False,0.29393396995571663
2880.TW,40.150001525878906,39945,-0.05710438053091977,-0.06744338871581736,False,4.023497983358567
2881.TW,124.5,33187,0.2004073694089182,0.22785380558823495,False,6.446284760683923
2883.TW,30.0,52499,0.21388021169996077,0.2612998589613665,False,2.1983613293729007
2884.TW,35.099998474121094,97070,0.12072424353232884,0.22024798554905006,False,2.336322951175802
2885.TW,65.0,53003,0.3909486544821717,0.4558312036241491,False,0.8917047468353161
2886.TW,47.599998474121094,52155,-0.16085650073015292,-0.23051366426221676,False,2.8990271258965805
2889.TW,15.699999809265137,7624,0.1378878223240455,0.31976941179120716,False,1.2626117668311156
2890.TW,40.0,47873,0.34659686783034205,0.30060759926811825,False,1.2214290145555609
2891.TW,62.099998474121094,85256,0.16019113594416792,0.2187787736555149,False,-0.8544826854336449
2892.TW,34.099998474121094,44791,0.03855778014886528,0.055615737878413576,False,2.2963557096193945
2897.TW,10.399999618530273,6662,0.16320403274947576,0.5076706954041647,False,0.01533575290391731
2901.TW,24.049999237060547,20,0.027247438537992826,0.04601480180854031,False,0.6212799193980416
2903.TW,22.350000381469727,2022,-0.037582460452850026,-0.06610073526987066,False,0.6642733723466279
2904.TW,13.850000381469727,34,0.09118215658366337,0.26030776308562603,False,0.561903109818557
2905.TW,15.199999809265137,1208,0.23537515398096215,0.48191791572909815,False,0.5922567982833336
2908.TW,21.950000762939453,186,0.04062948125443979,0.12894171098465187,False,1.1139673768974419
2913.TW,11.199999809265137,2671,0.33839030606651954,0.3282728865474137,False,0.6859286289647404
2915.TW,50.900001525878906,3912,0.09557458189427807,0.16051990976951186,False,1.9497886040191617
2939.TW,19.149999618530273,7,0.04659043873505354,0.05168057212417866,False,0.9157415128975792
2945.TW,40.099998474121094,19,0.08549649104711893,0.1469625094120622,False,0.041081343624554734
3018.TW,11.649999618530273,9,0.10386701527232879,0.1485118465367356,False,-0.004156596622404862
3029.TW,102.5,1850,0.34213201425292084,0.5282117624792994,False,5.980124136712504
3038.TW,20.549999237060547,306,0.3786989335624291,0.5382303701051442,False,-0.05681589262491471
3040.TW,38.650001525878906,225,0.3144397282928498,0.5168829808856599,False,1.6735396252711041
3045.TW,111.0,30064,-0.03037546236816905,-0.06228184902247152,False,3.8013547519470023
3052.TW,10.800000190734863,347,0.0896720921876275,0.2784593099549458,False,0.2698680178349786
3056.TW,14.449999809265137,1470,0.28077516751543874,0.3764809886851602,False,0.14615117070010264
3130.TW,203.5,101,0.055847712453831654,0.3435005202937243,False,0.38713585662856076
3164.TW,16.299999237060547,39,0.13258558666007872,0.38605343797852953,False,0.47294234308804484
3168.TW,43.5,18,0.11227056924700264,0.11056412896441165,False,1.4718019450754483
3266.TW,14.050000190734863,106,0.010772551690867587,0.02059217580626649,False,0.8061300969166041
3501.TW,39.95000076293945,374,0.1956742067612518,0.31671389402586997,False,0.21897735323608458
3576.TW,17.850000381469727,59300,0.08034463815591944,0.0608181647639215,False,1.985427018178763
3679.TW,109.5,78,0.33578006668806293,0.43133014958912314,False,2.364685019840053
3686.TW,15.5,282,0.46594658230046204,0.5735434373000161,False,-0.16761860918143334
3703.TW,20.5,1558,0.11821823293562292,0.30064289572280933,False,0.3456280879299882
3705.TW,54.20000076293945,263,0.18093116370079532,0.47669663707998705,False,0.8427762565034982
3706.TW,88.30000305175781,14187,0.49207369702004106,0.5327820589841114,False,4.5029225948352405
3716.TW,33.900001525878906,190,0.12678890413164962,0.3000492848396431,False,-0.24622314166100523
4104.TW,70.69999694824219,276,0.12919337822365112,0.37020193591047906,False,3.169614372084098
4106.TW,25.0,293,0.1689768455497668,0.23263740573606304,False,2.6539414984538787
4108.TW,11.699999809265137,258,0.31896457704700865,0.5020432147798902,False,0.02309696612516987
4119.TW,46.349998474121094,190,0.12853624523035928,0.17314776772985546,False,4.1973964061849145
4133.TW,22.350000381469727,1510,-0.5701070358612401,-0.5043941853013804,False,2.555940569178908
4137.TW,95.0,156,0.30368415633849233,0.5016350857203288,False,1.536147402146625
4142.TW,16.799999237060547,1452,0.3928776292846084,0.460942177512304,False,0.10230900374279983
4148.TW,30.049999237060547,44,0.12929876492784567,0.16863049136577513,False,1.2758177102168808
4155.TW,16.049999237060547,524,0.3593261781991391,0.5088118266979655,False,1.566039645404846
4164.TW,26.899999618530273,973,0.18456512835196998,0.21818111420620936,False,-0.2917805548971053
4190.TW,25.25,40,0.3018773547883152,0.37057197957621973,False,1.627289688322584
4306.TW,14.75,1612,0.4031219930415037,0.5528838166364184,False,0.2506000151774366
4438.TW,60.900001525878906,82,0.11022277655074623,0.18341762584730667,False,2.6353956870070405
4440.TW,17.5,54,0.21218366434203267,0.2902331849084964,False,0.8024070244339825
4441.TW,174.0,295,0.3220298833095874,0.4896635346610223,False,-2.758138047514791
4536.TW,165.5,563,0.1324909143751178,0.24503031303508735,False,11.087837132517848
4552.TW,19.100000381469727,85,0.3540820064267176,0.6259681196305793,False,0.3204134294868659
4557.TW,50.900001525878906,84,0.3013369539387219,0.4102969502005593,False,4.582351773606966
4560.TW,33.79999923706055,204,0.21932285163183785,0.3714749974168574,False,1.648317267204689
4572.TW,145.0,48,0.35346136782836013,0.593792667860066,False,8.949255709472538
4581.TW,50.79999923706055,22,0.031161290084779518,0.1444180775314823,False,1.132404554564033
4736.TW,129.0,296,0.08204275409418878,0.19599893540187907,False,7.626892521465209
4737.TW,54.79999923706055,136,0.17103973451120907,0.12110388428621177,False,1.256572722858074
4746.TW,52.0,495,0.3673156113598716,0.41549244675524877,False,1.356900532244481
4766.TW,332.0,429,0.43206147382154503,0.5398526992861294,False,6.800411836736998
4904.TW,103.0,18731,-0.1576851216748784,-0.16117153173032556,False,10.266485462553604
4915.TW,64.9000015258789,4051,0.25285517106733973,0.3167455322107965,False,0.493597775169178
4930.TW,16.75,28,0.21583783413740118,0.47638319417674563,False,0.1498682659981725
4935.TW,34.75,347,0.4905616402324517,0.6196953913217672,False,-0.04541054515357246
4938.TW,82.19999694824219,15588,0.3479450573467348,0.35562189899709606,False,1.7742962596380494
4942.TW,36.70000076293945,226,0.19525628343512744,0.497184671530591,False,-0.17269481188090907
4994.TW,92.30000305175781,19,0.12564550065836863,0.207064612606786,False,3.290639193402484
4999.TW,19.350000381469727,95,0.2917920994971367,0.5747631957579448,False,0.0010185830258535589
5007.TW,55.5,50,0.2090810506050841,0.6589327583091487,False,0.1966270319500083
5203.TW,65.0999984741211,283,0.4127781532383005,0.527003475010642,False,-0.5211583277996397
5283.TW,53.0,106,0.4868048352408299,0.49528310700345773,False,2.2503954428323283
5288.TW,184.5,189,0.4226865007058474,0.46141512148241626,False,9.430793501689607
5515.TW,41.599998474121094,358,0.08206328838620988,0.11783991184601623,False,3.1784042285251957
5519.TW,28.0,747,0.13725026318667094,0.2638949719404414,False,-0.1477776008209375
5521.TW,10.050000190734863,6447,0.29803959033024324,0.4267659097656187,False,0.05841647278655415
5522.TW,68.0999984741211,1193,0.2874928803884922,0.4604023907656561,False,5.947447461590052
5525.TW,21.799999237060547,99,0.09440932079592775,0.18374811319659826,False,0.43456477641592883
5533.TW,13.949999809265137,350,-0.04067514323866315,-0.14683520055170218,False,0.7704711013754899
5534.TW,81.19999694824219,1150,-0.09929552644358239,-0.14357124165944699,False,3.568357801069183
5546.TW,16.700000762939453,33,-0.02308098029878828,-0.01920998430549655,False,0.9487067724847389
5706.TW,45.900001525878906,328,0.3181591350314765,0.6337699046257452,False,0.07976699885578853
5871.TW,119.5,10447,0.3752003318234763,0.49414564764864094,False,7.4600751872737305
5876.TW,45.20000076293945,24503,-0.1965797701434993,-0.3601494948493253,False,4.759693897124706
5880.TW,25.350000381469727,27114,0.12169740418958187,0.28582342180379533,False,1.0465143429563994
5906.TW,38.0,3,-0.12848136543252278,-0.08597122933408202,False,2.2613930411771364
6024.TW,64.5,554,0.2940209831742071,0.5408599147091863,False,4.7507685165714335
6112.TW,41.54999923706055,493,0.4532856324454179,0.5285208755810853,False,0.49523495446432264
6115.TW,45.150001525878906,172,0.1863555651763826,0.5391961858597865,False,0.0905269943910838
6128.TW,20.0,117,0.31090695836505344,0.39571838008696497,False,0.11504933131300632
6136.TW,24.149999618530273,172,0.11820415993645866,0.4172592446521591,False,0.33145731201619455
6165.TW,49.5,2182,0.3317041839970556,0.38935334543755146,False,3.751175708896973
6177.TW,47.5,2435,-0.00044529393096555864,-0.0003806590694009575,False,3.094913807703584
6183.TW,91.4000015258789,86,0.06404474042516108,0.29674992289390817,False,2.4870032240801123
6184.TW,42.599998474121094,54,0.010496275611238493,0.043305452086959025,False,0.3176826593136468
6201.TW,49.04999923706055,69,-0.014136738998254371,-0.039764932422375686,False,1.3098071812700312
6214.TW,137.0,1433,0.29900657874431336,0.28520216265424086,False,11.701621345171631
6281.TW,51.099998474121094,104,0.13329937625001873,0.32984279835484337,False,0.5012314795622572
6414.TW,395.0,2448,0.4463474963215723,0.4406831225310388,False,39.236342061324194
6431.TW,17.5,244,0.3056737326396184,0.23131273157849308,False,0.08420438936537167
6464.TW,77.0999984741211,129,-0.30057122438341627,-0.6268043958919136,False,5.255402450802734
6472.TW,396.0,1548,0.4184802901212278,0.3094772770548515,False,-6.750306224929034
6504.TW,35.79999923706055,70,0.17452065911828946,0.4056273301399249,False,0.2972224736748359
6581.TW,109.0,45,0.043545787315784575,0.1351387577631845,False,3.62997962414849
6582.TW,32.29999923706055,43,0.13562702760464868,0.2641087951820489,False,0.3581160717753171
6592.TW,60.400001525878906,694,0.31435651380746543,0.47416419721310316,False,2.1622765827284525
6605.TW,129.0,613,0.11840640510160946,0.1532063000062346,False,4.327655949561333
6606.TW,25.899999618530273,296,0.14787071567427398,0.311437916398613,False,1.6788782786636283
6614.TW,38.20000076293945,125,0.24497283302283818,0.41774862297846477,False,0.5425046712257284
6625.TW,77.0,281,0.29808818326788555,0.5486711570262389,False,-0.08163672208533512
6641.TW,17.700000762939453,24,0.23088796630201444,0.35835741438617147,False,0.4786797846807822
6655.TW,121.0,23,0.24768973967140184,0.28587434686170055,False,5.4912861795248205
6666.TW,44.900001525878906,46,0.17302549365976297,0.4430278132458541,False,2.2537657397293955
6670.TW,259.5,381,0.2503646592674501,0.2029946803958276,False,16.471856209308015
6671.TW,24.0,29,-0.10827027571585303,-0.2158609290099435,False,0.10065067870024791
6674.TW,15.949999809265137,54,0.383897588332169,0.3898212367840328,False,-0.0875172170705838
6689.TW,60.900001525878906,257,0.4499906055382117,0.5739540118967129,False,-0.0016880732488644412
6722.TW,33.04999923706055,51,0.3490752684514264,0.4186971063234529,False,-0.12164158900508681
6743.TW,29.5,357,0.02640683458416071,0.025018351269498067,False,0.4651212869539485
6754.TW,42.45000076293945,16,0.22994808235046862,0.3365178400156297,False,1.9220817524371654
6776.TW,53.5,306,0.36413648847362723,0.612884758409541,False,0.41137114853839307
6782.TW,193.0,283,0.3957502721921012,0.4286759411921373,False,6.022248168746472
6790.TW,38.900001525878906,292,0.1362288327572661,0.4101229869867998,False,1.7255738638325084
6794.TW,77.4000015258789,57,0.036726589886268916,0.0351825044706464,False,1.6612688153552426
6796.TW,57.400001525878906,72,0.46196400242019403,0.5203019571124057,False,1.4701641384694142
6807.TW,33.54999923706055,31,0.04374914672681905,0.08421242459424785,False,0.6589213631903021
6835.TW,32.04999923706055,124,0.2901596227991165,0.4935459390118362,False,-0.2418462598069766
6838.TW,22.799999237060547,222,0.48051170036861707,0.5328308910902374,False,-0.35044398621379
6885.TW,20.75,441,0.3480140812874831,0.40929680091296394,False,0.07399084251418131
6902.TW,125.0,133,0.3082542625254939,0.21105804825414382,False,-0.34353953331668663
6914.TW,144.0,144,0.27477964425530194,0.7745697140794289,False,2.7647126683115744
6918.TW,71.5999984741211,61,0.1461256835186692,0.3303957306552544,False,-0.033322753074912725
6923.TW,76.80000305175781,139,0.4034302700185918,0.3628841281075371,False,4.464261383222947
6931.TW,38.79999923706055,70,0.26941403808687414,0.561215628249969,False,-0.19401279893189383
6936.TW,31.75,85,0.279915982410755,0.5809070027098707,False,-0.10616760128944591
6952.TW,35.75,27,0.05458092459861302,0.17448974327764366,False,0.8491966716475972
6958.TW,18.0,80,0.45295390296726606,0.3831416539965915,False,2.0323098547229943
6965.TW,79.0,30,0.010737216353781156,0.017705813696532468,False,2.393223272589509
7705.TW,30.450000762939453,48,0.34454738479681857,0.65522294916867,False,0.7302324698071914
7732.TW,35.650001525878906,16,-0.027312198582539693,-0.09715473210084688,False,0.2209003034729804
7736.TW,70.0999984741211,38,0.042461893408432906,0.08967025770646651,False,0.44525115447284236
7765.TW,222.5,75,0.15731913721534777,0.28833785893561165,False,6.1090786769399585
7780.TW,17.299999237060547,2975,0.4402038829584478,0.6941835861866439,False,-0.1471511345537273
7786.TW,127.5,240,0.222446519071212,0.2481996800591838,False,8.114750615935336
7791.TW,63.599998474121094,57,0.005837133024907498,0.01572760739601537,False,2.446777739219293
8101.TW,13.399999618530273,1,-0.01910593439705741,-0.014019298148475093,False,0.8983881363518158
8201.TW,12.25,71,0.4263687677581695,0.5109121975494137,True,-0.03826869806652766
8341.TW,76.0999984741211,336,0.232952262831095,0.5380014446084704,False,2.046556895330312
8367.TW,40.29999923706055,39,0.17372935228102662,0.6266847782017314,False,0.4123301870901983
8404.TW,16.799999237060547,399,0.35940917878638795,0.608167750371777,False,0.5452711888766757
8411.TW,12.5,140,0.16378624765285668,0.3904990051703826,False,0.7194887940330918
8422.TW,25.850000381469727,8830,0.4854431601775194,0.45190301246561787,False,0.04664520266461025
8443.TW,11.350000381469727,9,0.005933908928336315,0.028593704610610133,False,0.014455151081621764
8463.TW,21.5,56,0.18501383477761224,0.4742192375484961,False,0.4073207171266233
8464.TW,359.0,592,-0.09146822000377232,-0.08099717133270427,False,20.72547605883892
8476.TW,23.850000381469727,1504,0.4257440007038124,0.2506520640967625,False,1.8656358820476768
8482.TW,47.79999923706055,9,0.00936484188380577,0.01691691797052561,False,0.9161154905032305
8488.TW,10.100000381469727,10,0.16533477124000928,0.24681832857311647,False,0.20090954770467384
8940.TW,16.049999237060547,90,0.23602536275940178,0.4587280043837254,False,-0.0006529949534090917
9802.TW,73.69999694824219,714,0.23586381177123922,0.30753550671383595,False,1.810379861586
9902.TW,13.5,157,0.4005553893239853,0.5445792324683668,False,0.1218287173580812
9904.TW,24.600000381469727,48237,0.07838497535472602,0.17711482248727473,False,0.8296421709786372
9905.TW,20.700000762939453,93,0.08120407655146283,0.33731010396877587,False,0.9611145591952948
9906.TW,41.0,137,0.07163864561467241,0.07425379999768333,False,1.4841829956731019
9907.TW,15.100000381469727,5703,0.34900819611087114,0.5159261404639456,False,0.1777128315565104
9908.TW,29.149999618530273,309,0.06078345090986238,0.26139971800042267,False,0.9801369924955132
9910.TW,66.80000305175781,2903,-0.0047695073314242805,-0.006552826837187726,False,1.3306418088512544
9911.TW,83.80000305175781,289,0.0801122639683715,0.23159903638037038,False,1.6422589497376094
9912.TW,12.600000381469727,35,0.008244874988206762,0.02546215692487145,False,0.2339595242264032
9917.TW,109.0,1238,0.13125935254382928,0.20778273401774333,False,5.436449089275214
9918.TW,44.20000076293945,52,-0.03746490481244466,-0.10515523726232764,False,1.4929640157014816
9919.TW,13.949999809265137,658,0.23672033584155905,0.4679763437936442,False,0.3755825591190316
9924.TW,40.25,112,0.12104417680508121,0.3553035330110008,False,0.7053489049102382
9925.TW,41.25,296,0.0665106875853849,0.3231635525653928,False,1.0656349359158668
9926.TW,50.79999923706055,71,-0.016959454404977304,-0.060022056476182695,False,1.8523492340653576
9927.TW,68.9000015258789,184,0.2564721344546325,0.6871632725140914,False,1.1098261213975462
9928.TW,17.549999237060547,130,0.30931364614626544,0.527654571955779,True,-0.4586552938221864
9929.TW,11.399999618530273,12,0.10707183797031716,0.10706309124614073,False,0.7011594672022614
9930.TW,63.20000076293945,227,0.0829284076375645,0.2301466973745992,False,1.2905664301199806
9931.TW,33.95000076293945,45,0.012765666639324977,0.03894634234906659,False,1.1837644059272705
9933.TW,39.150001525878906,3338,0.4633040053803839,0.5775848350852543,False,0.06984431394928237
9934.TW,10.600000381469727,1087,0.47506802917197466,0.457908680014947,False,0.8908407750137446
9935.TW,18.450000762939453,338,0.30307776657779295,0.45371212602706895,False,0.8074636253268963
9937.TW,55.0,65,0.02871633179073407,0.11158000201441956,False,2.89695177420316
9938.TW,45.849998474121094,2418,0.3910263224351614,0.5795655019670333,False,2.56517688692724
9939.TW,125.5,2836,-0.022463038159736094,-0.034762676646508034,False,6.111061209145987
9940.TW,19.950000762939453,800,0.19245984395699361,0.3595594461768247,False,1.0861463816496446
9941.TW,82.4000015258789,1627,0.43124046184492737,0.7320290715679311,False,3.6057248859152935
9942.TW,123.0,213,0.29434160585397123,0.6041556940002797,False,8.200391844019038
9943.TW,52.79999923706055,176,0.04951180933029684,0.16362123400817546,False,0.0036568951867721466
9944.TW,17.950000762939453,77,0.1305037686838963,0.3186629003447381,False,0.5609707756003921
9945.TW,26.25,7672,0.1259074910753662,0.1916797499239362,False,1.2202551780766164
9946.TW,17.950000762939453,913,0.019551655949316335,0.020871559531926914,True,-0.09029495301090762
2254.TW,58.599998474121094,11,-0.10704505891979695,-0.184937249860966,False,-0.14145508874669588
2432.TW,28.049999237060547,65,0.163292147122351,0.11916263522576871,False,1.0544352651357407
6534.TW,91.80000305175781,107,0.15214980084031549,0.37133267365586714,False,2.8383320070539497
6771.TW,38.5,38,0.19769324031615673,0.30703881960753515,False,0.5277855557797295
6908.TW,35.599998474121094,21,0.3665841075057081,0.5479632836482576,False,-0.21924123872786794
6951.TW,72.19999694824219,92,0.20452566553707202,0.37841376296367507,False,5.730713122920264
8487.TW,76.0,57,0.17676683242379126,0.4157599227979004,False,0.14837589681714292
1240.TWO,54.70000076293945,15,0.14036680020310371,0.5251601003688594,False,0.2809999565321277
1259.TWO,59.5,50,0.023935826015467815,0.0442329927378326,False,4.151224245514925
1264.TWO,258.0,29,0.06920535959968448,0.3210956362395996,False,6.0152429163586305
1268.TWO,169.5,59,0.09478072932645462,0.22585278483140847,False,4.831455268131748
1295.TWO,48.5,54,0.3696582986180449,0.43589145334980023,False,1.8074220911986956
1565.TWO,93.4000015258789,204,0.28066033808422053,0.4400575518985845,False,0.905386160522113
1570.TWO,38.349998474121094,306,0.3269346256614755,0.33065734084181103,False,0.8605329745788453
1580.TWO,115.0,117,0.09662083570523775,0.31533177142376684,False,2.062691191136139
1593.TWO,29.899999618530273,122,0.21197138871135185,0.4314305523395864,False,0.0542196437762108
1599.TWO,23.0,37,0.20930010611214017,0.3510939209762414,False,0.26515551916203606
1742.TWO,16.200000762939453,46,0.1525770392687188,0.2310576662066548,False,1.5274218678544926
1777.TWO,71.69999694824219,76,0.03577585032641367,0.10696636302333969,False,5.848635131988331
1781.TWO,11.850000381469727,23,0.21230144132917794,0.3503805605917584,False,0.1941501837459061
1788.TWO,129.5,38,0.015021411544161473,0.10652372813601617,False,0.45009397991546507
1813.TWO,11.949999809265137,12,-0.0557455551605073,-0.17668569309009913,False,0.14026309096488632
2035.TWO,27.149999618530273,22,-0.0028579326927635337,-0.0064127752712906695,False,0.09116292418872263
2063.TWO,24.149999618530273,13,-0.023847430443064,-0.06171090208096664,False,0.27674896216127465
2064.TWO,12.949999809265137,307,0.2549055656683541,0.352126414305195,False,-0.05124216903284129
2065.TWO,31.600000381469727,40,0.10930503592464101,0.31980425611746655,False,-0.09535596411887326
2066.TWO,62.599998474121094,163,0.48391233640193,0.2913386522404012,False,-0.3462291613712978
2073.TWO,26.5,2,-0.45156795591827614,-0.2950144690670901,False,1.3742947664457823
2235.TWO,27.799999237060547,8,0.3071707232903309,0.3013910162614421,False,0.4594018875971386
2596.TWO,30.799999237060547,103,0.3083229215006049,0.5514476909078337,False,1.013584636761685
2640.TWO,161.0,58,0.06015548717869039,0.07059259191944547,False,12.732365335666032
2643.TWO,59.0,69,0.0582131442368222,0.09430371526061253,False,-0.43326398873083605
2718.TWO,46.650001525878906,39,0.42781407667105303,0.5968973610399886,False,0.035833244406944686
2729.TWO,155.0,35,0.16475648880354482,0.4401254935188469,False,0.9273821345816202
2732.TWO,65.30000305175781,53,-0.05297769652622808,-0.13840951078731423,False,1.5273140704804504
2734.TWO,15.100000381469727,158,0.4391125204458775,0.5584272247083258,False,0.21335987623004904
2736.TWO,11.75,71,0.1900664415838569,0.5337496796087642,False,0.08839973520866451
2745.TWO,102.0,226,0.22727888336960742,0.4319789831973203,False,-0.04073476543170784
2751.TWO,52.0,8,0.18530326879144846,0.27278603576239746,False,0.5056418525771491
2752.TWO,175.0,14,0.1998169955903484,0.5730288199782508,False,-0.5613043311573449
2754.TWO,68.0999984741211,19,0.10679117355198653,0.18525481229556046,False,0.6239361387052469
2755.TWO,105.0,51,0.3051267811158544,0.4181095842977907,False,1.0325769848982986
2756.TWO,59.70000076293945,39,0.043473972737448276,0.13654722859050153,False,0.8089861958516096
2916.TWO,39.54999923706055,266,0.16561222755529903,0.4336804356482506,False,-0.030680702660333736
2924.TWO,17.700000762939453,2,-0.12084179442649308,-0.10948825461379298,False,0.6720643560504485
2926.TWO,31.299999237060547,35,0.15587527369206922,0.2785399399942876,False,0.05366341877039105
2937.TWO,47.5,11,0.0943510552482503,0.1857426405601695,False,0.9157969645360566
2948.TWO,37.5,2,-0.250868482606946,-0.23702047755619696,False,1.7035579222416928
3067.TWO,18.0,1,-0.07441646134195082,-0.10460154131409885,False,0.14941968780600945
3083.TWO,25.5,124,0.3369203978473788,0.5188139010209569,False,0.20478960462647322
3085.TWO,12.100000381469727,0,0.17018546808600923,0.20849468354253092,False,0.4616863737432606
3095.TWO,37.0,16,0.2872716544707783,0.25623586478531757,False,0.21600865206371367
3118.TWO,31.75,30,0.17805517044115435,0.591319715373985,False,0.24771203249356688
3158.TWO,82.9000015258789,9,-0.05054827208212542,-0.20382205996366531,False,0.37604059880337104
3171.TWO,63.599998474121094,23,0.22962187794006428,0.4155722565758003,False,0.7358178120942043
3188.TWO,23.5,389,0.09209793889941977,0.13415965781788064,False,0.2634923439762815
3191.TWO,18.200000762939453,79,0.3468391256875167,0.4262328752884146,False,0.3585316551524258
3205.TWO,49.150001525878906,216,0.18722324514449679,0.3133508941914353,False,-0.5011491470573475
3218.TWO,134.0,331,0.4849286243306142,0.5101965810305529,False,3.676503612590011
3226.TWO,46.20000076293945,0,-0.013096605491340218,-0.012352706051069352,False,2.376923688445629
3232.TWO,20.799999237060547,73,0.23725111721454306,0.2843718699024298,False,-0.1931930811541207
3252.TWO,17.049999237060547,33,0.10128492831639319,0.21891038063410054,False,-0.032705245309447406
3272.TWO,15.100000381469727,100,0.26648012196990395,0.4235212530718947,False,0.06880599448917657
3276.TWO,16.0,334,0.3748483794634312,0.34069123911913096,False,0.502304334686885
3297.TWO,32.349998474121094,704,-0.5538501481703463,-0.31292122263950245,False,3.336808520373168
3310.TWO,67.5,43,0.1592775959198551,0.4181790206957563,False,3.8895101366690454
3313.TWO,12.0,137,0.3268447409764941,0.2488305726362705,False,0.9964092668915221
3332.TWO,64.5,5,0.28374600841947073,0.4042727102226405,False,1.3993376102195327
3373.TWO,16.25,77,0.2852046225364106,0.6743800171392909,False,-0.018166322730476026
3434.TWO,28.600000381469727,402,0.253463965574404,0.17852114465219654,False,0.13898011363976437
3489.TWO,19.299999237060547,244,0.13886050891001805,0.18763660316070338,False,0.4120445328429909
3492.TWO,22.149999618530273,107,0.35400380353781535,0.5695968531615742,False,0.169921222605673
3499.TWO,14.199999809265137,88,0.2520266406803097,0.39438901127183285,True,-0.09994336458631281
3512.TWO,19.399999618530273,70,0.18200869492828814,0.3193878291465139,False,1.2091456563679088
3531.TWO,22.649999618530273,17,0.21495890181670402,0.257948033787245,False,0.4539413953174254
3541.TWO,21.600000381469727,18,0.20689748062297036,0.5040220724775615,False,0.12282411748911315
3546.TWO,71.9000015258789,244,0.24178864133912278,0.31238317076747213,False,1.3221419338254634
3558.TWO,129.0,198,0.46280763180133216,0.2863965733250622,False,2.895810060267749
3570.TWO,161.0,59,0.26945477002034,0.484755039576798,False,-0.0056457205857611825
3597.TWO,26.0,47,0.25795633746559876,0.2948813801936907,False,0.7229547348693259
3609.TWO,27.450000762939453,123,0.19122608548349979,0.185829100911787,False,2.129597545386794
3611.TWO,192.5,124,0.4095205276917015,0.7526034803655376,False,0.9141166776803402
3631.TWO,32.29999923706055,26,0.2821341097008027,0.426653146079524,False,0.42219407072918
3646.TWO,23.100000381469727,19,-0.057421074753898675,-0.20893919406696007,False,0.02722518393244755
3666.TWO,24.5,108,0.10286452088523325,0.18025954654825302,False,0.03518304864535793
3709.TWO,74.0,971,0.25526395027824644,0.191201261169765,False,3.03759313633806
3713.TWO,14.149999618530273,82,0.24927190554271444,0.2824296489457453,False,-0.057267537210671904
4102.TWO,20.450000762939453,66,0.08207328635313749,0.20045061869932618,False,1.9650149876873257
4105.TWO,77.80000305175781,1229,0.20801545528619203,0.44642741922951845,False,4.415745735809168
4107.TWO,117.0,93,0.1488310793073495,0.3280006178715455,False,3.1062028528874066
4109.TWO,11.75,374,0.48424010497705705,0.3652113678420245,False,0.6219666527670409
4111.TWO,29.950000762939453,159,0.10366101594063085,0.3214979380339419,False,0.3682134133632218
4113.TWO,14.699999809265137,131,0.006245598867448792,0.00843266520029914,False,0.4367185383267458
4114.TWO,29.600000381469727,3856,0.22530894228779905,0.3895303519055853,False,2.696564722383343
4116.TWO,38.20000076293945,43,0.26372678549614914,0.4797124748343829,False,3.274343194578094
4120.TWO,48.0,231,-0.09322704947732763,-0.15684095124553396,False,4.085608887147238
4121.TWO,13.149999618530273,129,0.21421894558460994,0.36019009524404455,False,0.13789727224922288
4123.TWO,37.0,2253,0.2628207916734763,0.3637935810574671,False,0.49921861222149033
4126.TWO,77.30000305175781,55,0.11485451970271021,0.44098590010507827,False,2.456477725621383
4129.TWO,91.0999984741211,249,0.27781480256464197,0.47375795393570236,False,2.3014887765375107
4131.TWO,32.20000076293945,24,-0.026745502706442048,-0.0446349818430602,False,0.39121851205189984
4138.TWO,50.79999923706055,27,0.0202198843516748,0.07739671789012127,False,0.39077929928853194
4153.TWO,31.0,4,0.15329379922435787,0.3040984736832055,False,1.632678083249047
4154.TWO,11.850000381469727,7,0.15489033187277423,0.192020684875379,False,0.5263151923000535
4160.TWO,39.900001525878906,43,-0.08739710013977045,-0.08031726376707889,False,1.6540454320749518
4161.TWO,22.75,22,0.13048281635163544,0.41552191339126054,False,0.7274353022741593
4163.TWO,122.5,176,0.24200082894451927,0.13784314647010812,False,4.3679942994722865
4166.TWO,26.850000381469727,344,-0.14175447093141919,-0.13590164606252925,False,2.747845164675745
4168.TWO,23.450000762939453,175,0.4258543003546088,0.41258950791431775,False,-0.1683017398520512
4171.TWO,18.399999618530273,518,-0.6693835076477125,-0.5814650607086221,False,2.0875137634927547
4173.TWO,17.700000762939453,141,0.18363659167489502,0.5081988400654933,False,-0.035088128972148525
4175.TWO,50.20000076293945,24,0.040005222565182685,0.10461522823184075,False,0.8272188859766558
4205.TWO,71.19999694824219,65,0.10830812209106754,0.341866692869114,False,2.348275895786472
4207.TWO,19.600000381469727,132,0.2424894580191886,0.613185532565901,False,0.4477228215531319
4305.TWO,41.20000076293945,0,0.15046479058953893,0.3196491774923332,False,0.9090978365906608
4401.TWO,14.75,62,0.33157506533677333,0.3261040413702038,False,1.2954969842728552
4413.TWO,14.350000381469727,6,-0.17991499470591227,-0.18464727151718177,False,0.635388366750778
4417.TWO,43.599998474121094,405,0.17250388275894374,0.5692256557693567,False,0.3058464804647656
4419.TWO,46.900001525878906,1,-0.2652814321865423,-0.24295710259653372,False,2.7580391729396467
4420.TWO,35.599998474121094,29,0.015131592959667163,0.018131306363026733,False,0.6337049455392076
4430.TWO,16.799999237060547,48,0.21372397412525337,0.46001198964949597,False,0.14279035624346292
4432.TWO,16.149999618530273,81,0.26630746017135937,0.3356665902878471,False,0.9347909837063266
4433.TWO,19.649999618530273,81,-0.002172009188823421,-0.0032209338570520435,False,0.40696983879707105
4442.TWO,48.0,39,0.23604113935863097,0.46391016445667377,False,0.01447300500139903
4502.TWO,15.699999809265137,35,-0.007255430847848491,-0.048215839389733055,False,0.05708377486329752
4506.TWO,122.0,84,0.0926633327733034,0.33161100835092117,False,3.918368334551232
4527.TWO,39.099998474121094,23,0.07688085875521176,0.20463001424753055,False,0.11771484636566498
4528.TWO,15.399999618530273,32,0.344271149972199,0.4774792381284695,False,0.32601007052381625
4535.TWO,28.0,0,0.03011601160022754,0.03924795603505593,False,2.456820405837753
4538.TWO,18.5,22,0.03426908185450054,0.18633721550183033,False,0.10634574641670724
4550.TWO,24.399999618530273,34,0.16991083442418078,0.3279270274262878,False,0.6033541727647993
4558.TWO,17.100000381469727,75,0.3110492569895243,0.5202150249126856,False,-0.35424978546183894
4568.TWO,39.849998474121094,17,-0.17198908421359313,-0.23548100466645017,False,1.250073510415774
4580.TWO,80.9000015258789,61,0.2652447775838552,0.7050487057758615,False,0.3547177380844886
4584.TWO,39.599998474121094,4,0.2762283464466095,0.41431884911442396,False,0.40523278479388836
4706.TWO,32.5,0,0.1844837572619224,0.258438205522515,False,1.137151854775226
4726.TWO,24.5,189,0.42777607601219164,0.32328313826463595,False,0.7660876339294447
4728.TWO,376.5,5,-0.02504920044200467,-0.054862376624615725,False,3.738435226868603
4735.TWO,30.549999237060547,11,0.16289699308097025,0.48037380974528293,False,0.3001831957059622
4745.TWO,14.350000381469727,411,0.12727245245488433,0.18162809460871904,False,0.7387687448963494
4747.TWO,48.0,22,-0.04513223095363705,-0.0736499365347952,False,1.0805938386924936
4754.TWO,36.70000076293945,39,0.044752983698443646,0.14542584528580735,False,0.16379423233838253
4767.TWO,27.200000762939453,5,0.01815676024598893,0.048338295153030744,False,0.2527129482094992
4806.TWO,10.100000381469727,13,-0.07710202577100315,-0.08603304378627953,False,0.25596323515838826
4905.TWO,68.5999984741211,16,0.28575277268765154,0.48119651774381406,False,2.979125756386267
4907.TWO,39.849998474121094,122,-0.2242819350017175,-0.2663914778300235,False,0.2592823471667032
4950.TWO,15.850000381469727,14,0.007482615466090849,0.01277293223319366,False,0.11914073013876525
4972.TWO,16.799999237060547,30,0.061334423295414345,0.13677277385889464,False,0.1854140011209644
4995.TWO,45.20000076293945,76,0.19253372952114906,0.42944529529469033,False,0.9030291708911165
5013.TWO,25.950000762939453,14,0.05653796540901353,0.10089206165925181,False,0.34034729267353114
5014.TWO,11.0,458,0.10099410813685701,0.19938005602014544,False,0.2974160825991561
5015.TWO,21.350000381469727,34,-0.10475426691925596,-0.1511424559657501,False,0.6138609036740768
5016.TWO,23.950000762939453,29,0.04496352299319542,0.162728905636068,False,0.14673177884660404
5201.TWO,26.25,43,0.12146914700291596,0.17032155285850148,False,-0.12667780698918918
5206.TWO,20.399999618530273,145,0.19406505451309944,0.35282583307226656,False,0.1319013475423425
5209.TWO,153.0,40,0.2816137110313926,0.6694734697502998,False,-1.0543416513145871
5212.TWO,47.70000076293945,3,0.016216091192851625,0.02942977247234209,False,2.161440626773505
5213.TWO,22.200000762939453,416,0.1537817489713586,0.31686083264099896,False,0.2466747684200712
5220.TWO,20.649999618530273,42,0.23087019002690376,0.518653102392158,False,0.2814031729731745
5223.TWO,23.799999237060547,24,0.39574895055354453,0.4554394062740316,False,-0.015841701896821547
5263.TWO,92.80000305175781,280,0.43163535853265095,0.5367575269081376,False,-2.871975546122499
5276.TWO,19.25,0,0.18906612236683792,0.23682749269320086,False,1.2737185015706878
5278.TWO,24.299999237060547,445,0.15775891177362059,0.2158670976005822,False,0.6588313530065051
5287.TWO,148.0,67,0.18256175188358764,0.49053744985445147,False,1.6122239750142455
5310.TWO,25.049999237060547,13,-0.00962460987012334,-0.007715420219301173,False,2.4080709981236126
5312.TWO,88.80000305175781,69,0.12970653053762704,0.3332365882633966,False,1.33079262726028
5315.TWO,19.200000762939453,627,0.39370531403087705,0.6779241331365555,False,-0.06849411421103113
5324.TWO,12.0,726,0.20638483098985552,0.5947779360503458,False,0.06681933743399782
5356.TWO,24.850000381469727,190,0.14769071068411596,0.3859112062581602,False,-0.11352959756162662
5403.TWO,94.0,73,0.20113083310765323,0.6090994795609911,False,2.2859301046043043
5455.TWO,27.100000381469727,14,0.16967786901335452,0.432177270722214,False,0.3244262696863096
5478.TWO,98.5,123,0.2694291699581553,0.5072272715058678,False,0.05407049519332929
5481.TWO,20.899999618530273,162,0.40501511527512074,0.34834833447982266,False,1.0188630447372837
5487.TWO,28.649999618530273,97,0.21884408988977255,0.2557749763696914,False,1.160279787541242
5508.TWO,54.70000076293945,622,0.04585758171786379,0.03767102928933865,False,1.9935228544990764
5514.TWO,13.449999809265137,21,0.2296219749189276,0.4739519253501536,False,0.25621706917251963
5516.TWO,10.550000190734863,60,-0.1350111214545153,-0.11350431591542212,False,0.5010163678458177
5520.TWO,82.30000305175781,5,0.11686367919051943,0.44115840088613095,False,0.6730454842225839
5529.TWO,21.299999237060547,34,0.4424706146827128,0.44769831735804416,False,0.5442250156651376
5530.TWO,48.349998474121094,600,0.2162829042184005,0.35881287381905763,False,1.3996924221602995
5543.TWO,29.100000381469727,1,0.03169976158658162,0.051016496793667425,False,1.1098608960171852
5547.TWO,19.899999618530273,56,0.039197224805952974,0.08448482292277094,False,0.9369527148175791
5548.TWO,23.899999618530273,104,0.08392928837665002,0.3215428606376152,False,0.32111289991381753
5601.TWO,31.0,19,0.330803700476676,0.42044060611923567,False,0.1690477272063866
5603.TWO,14.350000381469727,184,-0.08919273360955196,-0.22346915823682553,False,-0.00664147731852438
5604.TWO,30.649999618530273,29,0.0946723719124421,0.4469894026496316,False,0.1068325874229572
5609.TWO,77.30000305175781,224,0.0946943780827196,0.24130604030173045,False,1.9687894551043286
5703.TWO,14.0,0,-0.13316203765211407,-0.15061838647673922,False,0.5586200109282267
5704.TWO,21.5,24,0.16156741238691646,0.6076846308934173,False,0.29209709841986253
5878.TWO,38.79999923706055,4,0.02155509070595563,0.08470900751203414,False,0.334728807336262
5902.TWO,33.900001525878906,44,0.010399174286011064,0.02493630381785883,False,0.5319074153225714
5903.TWO,188.0,40,0.026160460565755633,0.12300281217719142,False,0.6697953037312061
6020.TWO,21.75,7,0.1948199925934305,0.45517547950605,False,0.20202807430683833
6023.TWO,87.80000305175781,1868,0.15340081454337756,0.25112656946212353,False,7.3517105023328355
6028.TWO,78.69999694824219,16,0.11342199610158171,0.37499284992510357,False,0.45771682482916276
6123.TWO,41.79999923706055,54,0.17130990765941864,0.3910749670412919,False,0.5011413708009016
6144.TWO,13.600000381469727,9,0.1621888970127482,0.3707143453737302,False,-0.009002980542941685
6146.TWO,185.5,417,0.4166951362498673,0.3534018489428304,False,4.10669946129579
6154.TWO,13.550000190734863,34,0.22321367832343525,0.5205915162424208,False,0.021468690448175565
6160.TWO,15.0,156,0.3656851658597583,0.4162837762993494,False,-0.36855937328662236
6169.TWO,14.0,52,0.3445443650500479,0.39190405216400365,False,-0.1389372737068193
6170.TWO,46.54999923706055,328,0.23951306706987358,0.592718603171153,False,-0.023839833699980773
6171.TWO,23.25,70,0.12115963058629112,0.21401114893327075,False,0.09055182129482375
6185.TWO,13.800000190734863,184,0.4114667477485514,0.48290686690817,False,0.1693494499131667
6186.TWO,42.29999923706055,892,0.30572938714138553,0.4071666500316158,False,1.8077147785717358
6194.TWO,30.0,148,0.08296701492870016,0.1814977684852216,False,0.6543572782931655
6198.TWO,19.899999618530273,53,0.28195781972747425,0.32256212979487925,False,-0.11019277372922787
6203.TWO,64.19999694824219,175,0.2934142422719712,0.5645449335704672,False,-0.14689986165082303
6212.TWO,28.700000762939453,4,0.23572480248463057,0.41045579812058125,False,0.69136692397581
6219.TWO,12.75,470,-0.03330157019969728,-0.0499560298624976,False,0.18880524677197208
6221.TWO,21.25,215,0.2430156771531334,0.4196477763011857,False,0.05881715670937382
6222.TWO,20.399999618530273,14,0.08497992222952454,0.11108291105883039,False,0.08438551761810231
6240.TWO,18.549999237060547,10,0.013977624204485927,0.019039857947775688,False,0.9298071373878436
6242.TWO,35.900001525878906,8,0.03321319272284116,0.12073806761720403,False,0.3512261440508979
6248.TWO,17.700000762939453,112,0.17082727273781298,0.39221417346825727,False,0.009680915002054036
6263.TWO,152.0,285,0.24897407695815116,0.1590000460677176,False,0.3727302538415529
6266.TWO,25.350000381469727,239,0.41912464222706675,0.5750547455701764,False,0.8006752750235862
6276.TWO,20.850000381469727,73,0.3944814770292836,0.2558517990305374,False,0.1406278161618424
6279.TWO,115.5,546,0.3903034932307676,0.5401682411369869,False,0.6744032716494104
6294.TWO,27.100000381469727,25,0.12440443309503575,0.0957670181212327,False,0.8232726247335087
6461.TWO,15.449999809265137,187,0.06151893661356207,0.07857584783612905,False,0.7992226032937211
6469.TWO,77.80000305175781,470,0.23819808128791897,0.4089949696545386,False,5.143898003316423
6470.TWO,47.29999923706055,51,0.2156018740977634,0.5085316402478299,False,0.2550760060164805
6474.TWO,36.650001525878906,69,0.33723572523650786,0.5164751664148128,False,0.27418163954501296
6482.TWO,27.5,23,0.1115197099324932,0.13564229290999888,False,0.6999648698298486
6486.TWO,77.0,156,0.29442677958847396,0.49254566470775746,False,2.865497057429934
6492.TWO,43.25,193,0.12819025257425642,0.1856558689757328,False,1.3791611020709453
6496.TWO,24.75,11,-0.12093209431628546,-0.14387525780889002,False,0.6908395408010257
6506.TWO,18.049999237060547,274,0.1955786529406543,0.28093895275152475,False,0.1867210693027559
6508.TWO,25.600000381469727,98,0.12519611368606198,0.21685741129139213,False,2.6466733120971284
6512.TWO,20.049999237060547,0,0.05624295766795277,0.14358641784477907,False,0.3321715325415191
6516.TWO,56.900001525878906,57,0.39487610164626064,0.7306109661925329,False,0.8217759285875488
6523.TWO,89.5999984741211,55,0.24692218229881158,0.41011788911150293,False,1.6934568404495707
6527.TWO,70.4000015258789,39,0.051143774890821204,0.10993620842267689,False,-0.004973005437022948
6542.TWO,44.5,19,0.04082016030529759,0.06715047188260036,False,1.394949548511363
6547.TWO,46.150001525878906,1984,0.29818859502269746,0.2688233622005282,False,1.8431816062351274
6556.TWO,65.5,25,-0.1010427897922454,-0.17812543455612598,False,0.4238061856111415
6561.TWO,318.0,85,0.2980812352336001,0.6197935761565498,False,-2.1084248770533804
6569.TWO,98.0,72,0.23198845777924185,0.25670434902862893,True,-0.013807082510098212
6576.TWO,79.9000015258789,221,0.21482151571793268,0.3050770774143623,False,2.4687180492892793
6577.TWO,74.19999694824219,69,0.4667870184537467,0.5447728195479693,False,3.3675847235152503
6578.TWO,16.350000381469727,73,0.23994233271708945,0.2327974112745669,False,0.4650204717218198
6590.TWO,66.19999694824219,6,0.24270089011043317,0.37761775255169944,False,1.1240298464157235
6593.TWO,33.0,66,0.24948133607269218,0.3638281141795045,False,0.23734613946241012
6596.TWO,86.0,293,0.4043229193623555,0.6228490728785605,False,-1.5908927039516811
6597.TWO,63.0,5,0.44668305414794307,0.37520302742167855,False,-0.43561516359473273
6612.TWO,70.19999694824219,45,0.12056378924749457,0.11520750948089152,False,1.2102999598840256
6615.TWO,34.599998474121094,22,-0.06201653338947675,-0.051713521175190076,False,0.3520773001013211
6629.TWO,105.0,46,0.02338048328252272,0.04146478626978201,False,0.642374165835335
6649.TWO,39.29999923706055,113,-0.3977793775916741,-0.4539967117074689,False,2.7040589958696373
6661.TWO,18.0,10,0.2861710896185747,0.1646282129719216,False,1.1666499200794078
6662.TWO,30.5,0,-0.11994620779510566,-0.2389708126416033,False,1.5522547957777135
6690.TWO,159.5,119,0.39292129449030194,0.6213958953712215,False,0.4367298896627574
6697.TWO,40.150001525878906,38,0.25412096996927,0.5827243683617859,False,-0.16364767345026365
6703.TWO,104.0,74,0.3087906803716,0.36623856258213544,False,6.914569098416578
6708.TWO,37.20000076293945,45,0.4916682499843772,0.5398981491561189,False,-0.7911423436291898
6720.TWO,138.5,33,0.28355658704806763,0.2117668777320576,False,4.697169056150614
6721.TWO,52.70000076293945,32,0.039840760919178174,0.14209117398776117,False,-0.3756184699595977
6728.TWO,108.0,18,0.21272345324062217,0.49139885907324565,False,0.8365088806711896
6741.TWO,56.70000076293945,304,0.3789883778904415,0.4579652053915857,False,0.06732355689977965
6752.TWO,97.80000305175781,65,0.40798384147299877,0.5767797142217805,False,1.4351233885105898
6763.TWO,41.79999923706055,665,0.44464103701343655,0.6478381772509778,False,-0.6384968968465969
6785.TWO,109.0,148,0.2879258995928474,0.18885029104729897,False,-0.14368045612843616
6803.TWO,270.0,165,0.12013775898635587,0.38224608758089773,False,1.9364718570840864
6804.TWO,16.399999618530273,258,0.025037952148748866,0.038987515403714805,False,0.9874363144134861
6843.TWO,39.650001525878906,9,-0.4083953847310087,-0.2995261787617389,False,2.511101849269572
6844.TWO,61.599998474121094,21,0.10217130513388546,0.38125799568851954,False,1.1409296725778262
6846.TWO,62.900001525878906,16,0.02337181794788855,0.022820884096079262,False,1.4625109723869727
6855.TWO,114.0,11,0.2486792473145439,0.2613953004712719,False,-1.7114045646445106
6856.TWO,42.150001525878906,29,0.07799490100924727,0.09914672546539868,False,0.7726926397205389
6865.TWO,25.399999618530273,23,0.14754472391766177,0.14194623317925675,False,0.14406021282318804
6872.TWO,16.0,63,0.1893691183030743,0.27040340144171854,False,-0.058421256293101465
6874.TWO,80.69999694824219,35,0.33360017133382447,0.5277651777761925,False,0.3048038639493029
6875.TWO,35.0,133,0.24751032132917167,0.30255337940725807,False,-0.1051561567167667
6884.TWO,32.75,0,-0.03575012204545463,-0.07623872704843229,False,0.8618622494709243
6899.TWO,50.79999923706055,65,0.29324978329594786,0.5159254098046216,False,-0.636920878500078
6904.TWO,128.0,0,0.07690179025335579,0.17723382763620021,False,5.575930007743182
6910.TWO,24.600000381469727,51,0.49771397914658017,0.803001812487748,False,-0.6704596367570197
6929.TWO,23.100000381469727,7,0.29183675842048645,0.27878707595051366,False,1.078109541110095
6961.TWO,52.79999923706055,55,0.025738416155972447,0.08063406317038732,False,-0.08311780085398368
6968.TWO,42.79999923706055,62,0.08704228719681725,0.13937049617078728,False,0.938334005835813
6971.TWO,26.75,20,0.32248048442480254,0.5849002646835871,False,0.1347421450914652
6997.TWO,71.9000015258789,3,0.40821503255292285,0.3826074046527454,False,1.791868334258723
7708.TWO,93.5999984741211,18,0.04024676419737446,0.1345996161328499,False,0.9309344846368504
7713.TWO,70.5999984741211,10,-0.0022630718992838277,-0.009055175613044765,False,0.6422247014529177
7716.TWO,23.899999618530273,18,0.09017957515504386,0.10830662013963735,False,0.9153051438530255
7718.TWO,47.0,42,0.024649011393202348,0.061060085301588865,False,0.6338180553006296
7738.TWO,168.0,26,0.16560011181277876,0.2528903557888246,False,4.085961568292959
7747.TWO,113.0,2,0.19661103490677237,0.34466331750354856,False,2.7033510355802832
7753.TWO,40.20000076293945,27,0.17573113578198554,0.14259258228059718,False,0.24505102915905042
7757.TWO,91.69999694824219,25,0.31895876296009806,0.6499553577625798,False,0.732935816314594
7770.TWO,41.400001525878906,71,0.18973426312446526,0.23382788077404798,False,2.2526779260959486
7777.TWO,41.79999923706055,11688,0.2760418807583779,0.14883796891211182,False,3.6303551906541855
7782.TWO,25.850000381469727,15,0.32440958166669,0.2894218009791012,False,-0.04423185979492317
7805.TWO,601.0,58,0.4741782267959737,0.6799124727187177,False,-4.987567764105506
7810.TWO,195.0,64,0.3974715791418589,0.4797608389814901,False,0.7478292686360817
7811.TWO,71.30000305175781,24,0.14250753938856084,0.3325492603267147,False,0.35717404961742716
7839.TWO,42.20000076293945,13,0.21397268831374042,0.12764676770405317,False,0.8105618135409145
8049.TWO,25.799999237060547,262,0.0783690227338295,0.1450334993720055,False,-0.007195382975446307
8066.TWO,14.75,17,-0.04317940270385692,-0.10338484119935086,False,0.08345473519156421
8067.TWO,13.25,4,-0.21865199892731244,-0.15746954858449816,False,0.8130878521596276
8080.TWO,26.799999237060547,68,-0.05745496780319804,-0.07689227245356081,False,-0.10088684208893639
8083.TWO,153.5,142,0.29584211615378847,0.6800854286976868,False,-0.8722273379832188
8085.TWO,11.100000381469727,313,0.42426175173662733,0.41877975406669427,False,0.04055093196796378
8089.TWO,18.350000381469727,298,0.4391665912952692,0.45482448706412615,False,-0.44857346714196566
8092.TWO,13.699999809265137,99,0.18843879240918673,0.1554641982865073,False,0.5656608758467527
8093.TWO,19.950000762939453,26,0.2198307906064999,0.19475235133762517,False,1.1330142448451035
8097.TWO,53.0,209,0.4167432744808348,0.5809236971391695,False,-0.501147024419879
8099.TWO,56.5,267,0.30735605528831167,0.4689452522492185,False,-0.3311090148473781
8107.TWO,11.800000190734863,67,0.042894500255986,0.04473677257555276,False,0.20676866524603277
8272.TWO,64.5999984741211,17,0.2976965050410878,0.49131279177808723,False,-1.0819899667066153
8279.TWO,87.5999984741211,9,0.08975270851322009,0.20165193776426055,False,1.2621888206630985
8284.TWO,62.599998474121094,118,0.26888863690576037,0.3897789732695617,False,2.3862928925830715
8342.TWO,91.5,3,-0.19363950502854282,-0.2432064821430045,False,7.110198508808352
8349.TWO,39.349998474121094,81,0.13530267847363917,0.3064540883903411,False,0.44266027564237476
8354.TWO,16.200000762939453,103,0.1077891711972667,0.10062180276334617,False,0.5894181501434907
8401.TWO,22.75,96,0.12681167602213994,0.5300638500422696,False,0.02790775533112111
8403.TWO,19.299999237060547,219,0.15984956044206777,0.40366285055331896,False,0.31249123123721745
8409.TWO,18.899999618530273,10,0.10159225031167321,0.24931235489443956,False,0.1412223053057744
8410.TWO,31.75,78,0.3689641734085344,0.6779283199044567,False,-0.25984232275045827
8415.TWO,35.79999923706055,727,0.12923276774807535,0.2172975443415186,False,3.2186893244074284
8416.TWO,166.5,15,0.16436024693926848,0.5417926305055889,False,-0.8807634286654036
8423.TWO,17.600000381469727,16,0.12851104700648933,0.3935236219352131,False,0.11394904406301976
8424.TWO,68.4000015258789,36,0.06452963548861171,0.3994026740659214,False,-0.05519651028004091
8426.TWO,20.149999618530273,112,-0.03112834467091661,-0.05474965339982214,False,0.9558268621155541
8432.TWO,50.099998474121094,28,0.17318825689695933,0.3281581976557485,False,0.5178139651070808
8433.TWO,53.70000076293945,27,0.3173754639678442,0.3814130962986201,False,2.795792156992583
8435.TWO,52.599998474121094,28,0.07611568768730119,0.22426537388380544,False,0.33847742751976995
8436.TWO,115.0,755,0.08113410798225693,0.10074118349299989,False,3.921081095863471
8440.TWO,20.399999618530273,153,0.33559114377461197,0.5601882033004832,False,-0.07135982593466395
8446.TWO,85.5999984741211,85,0.14104137412952944,0.28889065406361825,False,0.13330034787094291
8450.TWO,15.0,76,0.12667245594683535,0.2335532557973071,False,0.21785524071415807
8472.TWO,78.5,18,-0.5496972278558891,-0.43908111936119637,False,0.895914075088811
8489.TWO,22.899999618530273,93,0.49055459249436856,0.4249427456199299,False,2.0129408917872134
8905.TWO,29.0,3,0.23459546879266924,0.43546006495217804,False,-0.07615750955601897
8906.TWO,26.200000762939453,77,0.01257341866667884,0.010134960219955198,False,-0.27717043426457977
8908.TWO,39.25,84,0.09609001122392054,0.17835501532659034,False,1.4305726224102884
8916.TWO,42.849998474121094,95,-0.08713275032174454,-0.22343283241231923,False,0.4794369635748623
8917.TWO,52.70000076293945,10,0.1434035026178098,0.24308987963555073,False,2.915982227563987
8921.TWO,17.100000381469727,2,0.1458735575151521,0.1887746390070531,False,-0.17556886162184426
8923.TWO,19.299999237060547,1,-0.03992551680822737,-0.06339115434442524,False,0.7093361290075286
8924.TWO,55.70000076293945,85,0.2870074155815793,0.3838317724053831,False,1.5783781079156043
8927.TWO,19.899999618530273,382,0.456697588397268,0.43465394664252727,False,-0.05053979036929945
8929.TWO,13.949999809265137,14,0.2870883399694965,0.34077254200614854,False,0.7176243669174074
8931.TWO,41.5,94,0.19768749386916148,0.3771845448546046,False,0.5180224293454856
8938.TWO,55.099998474121094,160,0.1662929361528705,0.31857140686214025,False,2.518722523163646
8941.TWO,43.599998474121094,8,0.1286524615983997,0.3275099365292329,False,2.044125507357144
8942.TWO,38.900001525878906,434,0.30838448190367446,0.648554450798802,False,-0.09553140734836063
9950.TWO,10.100000381469727,276,0.4071778477272796,0.5550971826334381,False,-0.1594196958571601
9951.TWO,52.29999923706055,100,0.17389498684628954,0.44592722030329585,False,-0.24990690492798961
9960.TWO,33.20000076293945,4,0.11416408516285352,0.1332340421452524,False,1.5689148521573948
